Ticker,Name,Tot Assets LF,Debt/Assets LF,ROA LF,Curr Ratio LF,EBIT T12M,R&D Exp T12M,CAPEX T12M
 ,Investable Universe (981),3000000000,6370,3433.57,3.15,343290000,253900000,-123430000
,,,,,,,,
ONEM US Equity,1LIFE HEALTHCARE INC,1038305024,38.5817,-13.7291,7.3972,-87525000,0,-68284000
ISOL US Equity,1MAGE SOFTWARE INC, , , , , , , 
TTEZ US Equity,3AM TECHNOLOGIES INC,1394,0,-813.3281,0.0178,-41374, , 
DDD US Equity,3D SYSTEMS CORP,707281984,10.6766,-17.5783,2.0917,-124393000,72243000,-16735000
2448602D US Equity,6D GLOBAL TECHNOLOGIES INC,20871828,4.7517,-123.2981,2.688,-7994636,0,-273859
EGHT US Equity,8X8 INC,687244032,57.7398,-26.221,2.3068,-160180000,83086000,-66259000
ATEN US Equity,A10 NETWORKS INC,284096992,10.5531,3.9084,2.4316,10025000,57716000,-2950000
ABBY US Equity,ABBY INC,0, , ,0, , , 
ABZT US Equity,ABLAZE TECHNOLOGIES INC, , , , , , , 
ACIA US Equity,ACACIA COMMUNICATIONS INC,831006016,2.8191,8.9575,4.5594,58236000,144676000,-13192000
AECX US Equity,ACADIA ENERGY CORP, , , , , , , 
ACNV US Equity,ACCELERA INNOVATIONS INC,5389,19511.5059,-21007.5527,0,-522445,0,0
AWWC US Equity,ACCESS WORLDWIDE COMM INC,13061639,27.0163,-30.3457,1.0752,-3931561, , 
ACIW US Equity,ACI WORLDWIDE INC,3132433920,41.7729,1.8847,1.4747,151450000,142776000,-18451000
ACMR US Equity,ACM RESEARCH INC-CLASS A,296619008,11.09,5.9538,2.6154,19909000,16543000,-3722000
ACFN US Equity,ACORN ENERGY INC,5372000,13.7007,-8.3012,0.915,-433000,592000,0
ADEA US Equity,ADEIA INC,2668695040,40.7418,-2.646,2.4772,-17023000,158330000,-3851000
ADBE US Equity,ADOBE INC,24284000256,19.3873,23.3539,1.4779,4237000064,2188000000,-419000000
ADTN US Equity,ADTRAN HOLDINGS INC,531415008,1.0385,-2.7644,3.0776,-20519000,116448000,-8568000
9990711D US Equity,ADTRAN INC, , , , , , , 
AMD US Equity,ADVANCED MICRO DEVICES,7023000064,8.2301,14.3206,2.2755,1147000000,1805000000,-262000000
APWL US Equity,ADVANCED POWERLINE TECHNOLOG, , , , , , , 
ADVCD US Equity,ADVANT-E CORPORATION,6177458,0,30.7908,3.0582,3031419, ,-113069
AEHR US Equity,AEHR TEST SYSTEMS,18691000,20.2343,-11.2094,3.827,-4523000,3394000,-160000
AGHC US Equity,AEON GLOBAL HEALTH CORP,3911096,79.6099,-107.1503,0.3585,-2950074,0,-10510
AERS US Equity,AERIUS INC, , , , , , , 
AFTM US Equity,AFTERMASTER INC,768950,1010.3602,-1944.3494,0.02,-2921285,0,0
AIFS US Equity,AGENT INFORMATION SOFTWARE I,6267114,0, ,1.5481, , , 
AGILQ US Equity,AGILETHOUGHT INC,81305152,0, ,2.5308, , , 
AGYS US Equity,AGILYSYS INC,173714000,8.4035,-14.3546,2.5241,-24007000,37140000,-1951000
AJX CN Equity,AGJUNCTION INC,34542000,2.29,-15.84,3.8473,-6305000,3854000,-2282000
AIRG US Equity,AIRGAIN INC,54249000,0,-3.9053,7.5125,-2198000,8918000,-904000
MIMOQ US Equity,AIRSPAN NETWORKS HOLDINGS IN,125000,80, ,1.2443, , , 
2554116D US Equity,AIRSPAN NETWORKS INC,69911000,20.3158,-54.1265,1.477,-37559000,24136000,-1938000
AKAM US Equity,AKAMAI TECHNOLOGIES INC,7514393088,36.0463,8.1141,3.1281,659238992,270985000,-698093000
AKTSQ US Equity,AKOUSTIS TECHNOLOGIES INC,64346000,36.5322,-73.339,9.3981,-34685000,21824000,-10477000
ALAN US Equity,ALANCO TECHNOLOGIES INC,3407200,22.0122,-51.0261,0.0245,-1750100,0,-5000
ALMY US Equity,ALCHEMY CREATIVE INC, , , , , , , 
RIME US Equity,ALGORHYTHM HOLDINGS INC,31567252,14.0357,-1.1639,1.3395,-1334401,28000,-389335
ALJJ US Equity,ALJ REGIONAL HOLDINGS INC/OL,190244000,53.8251,-32.1171,1.3634,-59388000,0,-9550000
ADGL US Equity,ALLDIGITAL HOLDINGS INC,1516803,146.259,-163.3461,1.4001,-1807460,0, 
ALGM US Equity,ALLEGRO MICROSYSTEMS INC,779699008,4.2324, ,3.3123, , , 
ADSV US Equity,ALLIED SECURITY INNOVATIONS,835739,1274.8563,173.4423,0.0195,-296084,90271,0
AOSL US Equity,ALPHA & OMEGA SEMICONDUCTOR,811747968,25.4243,0.2522,1.6719,-2989000,53575000,-57937000
ALTR US Equity,ALTAIR ENGINEERING INC - A,779702976,32.1702,-1.8979,2.4069,8539000,121613000,-5546000
AYX US Equity,ALTERYX INC - CLASS A,1356472960,57.5304,-1.2113,4.0291,10469000,116829000,-19550000
ATGN US Equity,ALTIGEN COMMUNICATIONS INC,18375000,0,10.4774,2.4597,1971000,2597000,-4995000
AMBA US Equity,AMBARELLA INC,549555008,1.7234,-11.33,7.6526,-60985000,137382000,-1925000
DOX US Equity,AMDOCS LTD,6341621248,16.2923,8.558,1.7058,594758000,282042000,-205510000
ADHC US Equity,AMERICAN DIVERSIFIED HOLDING, , , , , , , 
AGIN US Equity,AMERICAN GRAPHITE TECHNOLOGI,17842,0,-176.8604,0.5609,-480270,0,0
AMWK US Equity,AMERISTAR NETWORK INC, , , , , , , 
ATVK US Equity,AMERITEK VENTURES,13356,3233.1462,-1140.2648,0.0178,-411421,0,0
AMST US Equity,AMESITE INC,18160964,0,-77.055,10.4903,-4599366, ,-26626
AMJT US Equity,AMJ GLOBAL TECHNOLOGY,21700,5.4286, ,18.4211, , , 
AMKR US Equity,AMKOR TECHNOLOGY INC,5136620032,28.5178,6.51,1.6494,416451000,132395000,-419467008
AMPG US Equity,AMPLITECH GROUP INC,3322445,72.9901,-15.0337,1.9609,-402526,97590,-24210
ASYS US Equity,AMTECH SYSTEMS INC,102098000,10.153,-13.7574,10.2406,-485000,5748000,-12101000
PLAN US Equity,ANAPLAN INC,678107008,8.0996,-22.9281,1.3866,-149901000,93419000,-6779000
ANDI US Equity,ANDIAMO CORP, , , , , , , 
ANDR US Equity,ANDREA ELECTRONICS CORP,1194215,202.4871,-52.5971,2.3437,-612566,575954,-5989
ANSS US Equity,ANSYS INC,4846295040,11.2643,9.1147,2.5963,422681000,338013000,-43354000
ATEX US Equity,ANTERIX INC,246620992,3.1567,-19.6249,18.3095,-51135000,2949000,-368000
APPF US Equity,APPFOLIO INC - A,386272000,9.003,52.6831,3.5948,12624000,47880000,-20550000
APGTQ US Equity,APPGATE INC, , , , , , , 
APPN US Equity,APPIAN CORP-A,492456000,12.3991,-9.3369,2.8783,-41278000,66991000,-2027000
AAPL US Equity,APPLE INC,323887988736,37.7532,17.3341,1.3636,66288000000,18752000000,-7308999936
AMAT US Equity,APPLIED MATERIALS INC,22353000448,25.5312,17.4928,2.9982,4365000064,2234000000,-422000000
AAOI US Equity,APPLIED OPTOELECTRONICS INC,497787008,31.9335,-16.3891,1.7377,-47735000,43164000,-14940000
AUVIQ US Equity,APPLIED UV INC,4769387,16.6397,71.0893,1.2633,1403604,0,-12999
ALDS US Equity,APPLIFE DIGITAL SOLUTIONS IN,551684,142.1935,-595.1537,0.5921,-3360710,0,0
ASFT US Equity,APPSOFT TECHNOLOGIES INC,629,32181.2402,-5290.9199,0.0002,-40846,0,0
2054374D US Equity,APPYEA INC/SD, , , , , , , 
APTY US Equity,APT SYSTEMS INC,145430,132.1983,-765.4672,0.1179,-453354,0,0
AHCD US Equity,ARCHIVALCD INC, , , , , , , 
ASNT US Equity,ARIAS INTEL CORP, , , , , , , 
ANET US Equity,ARISTA NETWORKS INC,4399371776,1.7026,17.7646,5.4963,681034992,462810000,-10133000
ARLO US Equity,ARLO TECHNOLOGIES INC,388899008,7.8169,-16.283,1.5556,-67397000,61799000,-3711000
3664 TT Equity,ARRAY INC,954974016,10.5196,-9.5841,3.1352,-79766000,105788000,-9154000
ARRAF US Equity,ARRIA NLG PLC,27607000,18.3468,-47.048,1.9304,-10518000,827000,-74000
ARW US Equity,ARROW ELECTRONICS INC,15496633344,14.6088,2.9524,1.4732,811206992,0,-119666000
ARTD US Equity,ARTISTDIRECT INC,4196000,65.1811,-124.7979,0.6119,-5697000,398000,-101000
ASAN US Equity,ASANA INC - CL A,673985024,74.5387, ,3.0988,-149905000,101425000, 
ASGN US Equity,ASGN INC,3211599872,35.322,6.0961,2.4004,309500000,0,-38200000
2061517D US Equity,ASPEN TECHNOLOGY INC,1255979008,36.7934,18.3408,2.8884,235689000,92267000,-1793000
APYI US Equity,ASPYRA INC,14632753,31.427,-41.6156,0.1914,-4616055,1782590,-38817
ASTO US Equity,ASTRO COMMUNICATIONS INC, , , , , , , 
ALOT US Equity,ASTRONOVA INC,113309000,17.0993,-0.7679,3.1841,-361000,7061000,-2586000
ASUR US Equity,ASURE SOFTWARE INC,372726016,8.4043,8.684,1.0022,-59548000, ,-4541000
ATYG US Equity,ATLAS TECHNOLOGY GROUP INC,2278610,0,-367.6791,0.0819,-3689078,1380491, 
ATOM US Equity,ATOMERA INC,26763000,2.7015,-63.5484,18.1986,-14149000,8015000,-56000
AEYE US Equity,AUDIOEYE INC,17710000,4.4551,-41.7559,1.9026,-5684191,1000654,-10136
AHRO US Equity,AUTHENTIC HOLDINGS INC,453824,256.8738,-608.7382,0.086,-666311,0,-18500
AUID US Equity,AUTHID INC,11279745,57.2113,-94.3775,0.381,-10775604,2175145,-8643
AVLR US Equity,AVALARA INC,1426412032,4.6606,-4.692,3.9922,-57621000,110872000,-8658000
AVYAQ US Equity,AVAYA HOLDINGS CORP,6231000064,49.4463,-10.3179,1.3887,-455000000,207000000,-98000000
AVPT US Equity,AVEPOINT INC,352955712,0,2.2739,10.5015,-1192962, ,0
AVNW US Equity,AVIAT NETWORKS INC,176772992,1.7955,3.4771,1.6409,8424000,18915000,-4324000
AVID US Equity,AVID TECHNOLOGY INC,261402000,93.1867,7.3329,1.0751,36448000,58134000,-7175000
AVSR US Equity,AVISTAR COMMUNICATIONS CORP,3259000,276.1583,-137.0459,0.1697,-5221000,5410000,-135000
AVT US Equity,AVNET INC,8381394944,20.0916,-1.0607,2.3866,-48863000,0,-63650000
ACLS US Equity,AXCELIS TECHNOLOGIES INC,590656000,8.9536,8.0312,6.2806,57178000,59109000,-6472000
AXTI US Equity,AXT INC,232736992,2.6708,-0.3885,4.0972,-779000,6580000,-19944000
AXTC US Equity,AXTIVE CORP,5055761,117.9607,-96.1445,0.0868,-2482785, ,-99000.0001
SCDA US Equity,B-SCADA INC, , , , , , , 
BAND US Equity,BANDWIDTH INC-CLASS A,670432000,44.4912,-5.2466,10.2145,-4749000,37465000,-21304000
BRGS US Equity,BARRISTER GLOBAL SVCS NTWK,7673000,11.1951,-11.9478,1.3889,-1021000, ,-523000
BSSP US Equity,BASSLINE PRODUCTIONS INC,10952,3447.3521, ,0.0014, , , 
BLLI US Equity,BELL INDUSTRIES INC,29106000,59.0497,-0.2423,1.8181,1148000,0,-272000.002
BHE US Equity,BENCHMARK ELECTRONICS INC,1734507008,14.0563,-0.0327,2.6369,3996000,0,-36351000
BNFT US Equity,BENEFITFOCUS INC,356712000,75.3179,-9.107,3.6141,-9913000,47337000,-12383000
BSY US Equity,BENTLEY SYSTEMS INC-CLASS B,1090497024,58.4841,11.0888,0.8026, , , 
BGTK US Equity,BIG TOKEN INC, , , , , , , 
BIGC US Equity,BIGCOMMERCE HOLDINGS-SER 1,235502000,16.2924, ,4.0574,-34650000,45351000,-1631000
BSGC US Equity,BIGSTRING CORP,144798,178.8008,-139.9913,0.2002,-628194,627631,0
BILL US Equity,BILL HOLDINGS INC,2479207936,2.3281,-1.8519,1.4078,-41695000,59676000,-16123000
BKYI US Equity,BIO-KEY INTERNATIONAL INC,24000568,3.2929,-102.1575,10.4323,-12915692,1342876,-6094
BRGX US Equity,BIOREGENX INC, , , , , , , 
BTGN US Equity,BITCOIN GENERATION INC,103,611443.6875, ,0, , , 
BKTI US Equity,BK TECHNOLOGIES CORP,34986000,10.5013,-5.6028,2.8916,-2224000,7100000,-896000
BBBT US Equity,BLACK BIRD BIOTECH INC, , , , , , , 
BKI US Equity,BLACK KNIGHT INC,6154299904,37.4242,4.5266,1.1422,276300000, ,-45600000
BLKB US Equity,BLACKBAUD INC,1651164032,33.346,1.3485,0.6654,41679000,98515000,-72120000
BL US Equity,BLACKLINE INC,1046764992,39.4868,-3.8679,3.7028,-17436000,48735000,-3686000
BRTI US Equity,BLACKRIDGE TECHNOLOGY INTERN, , , , , , , 
BCDS US Equity,BLAQCLOUDS INC,38067880,0,-3.8366,297.2433,-1473631, ,0
BDRL US Equity,BLONDER TONGUE LABORATORIES,13536000,47.7541,-55.576,1.3217,-1380000,2640000,-196000
BKSD US Equity,BLUEPRINT TECHNOLOGIES INC, , , , , , , 
BWLK CN Equity,BOARDWALKTECH SOFTWARE CORP,974506.3125,519.8724,-392.4822,0.1416,-2851292.2109,0,-5240.8341
BOGN US Equity,BOGEN COMMUNICATIONS INTL,33390000,16.1725, ,1.2809, , , 
BAH US Equity,BOOZ ALLEN HAMILTON HOLDINGS,5284897792,51.3317,10.4793,2.0056,717228992,0,-106185000
BRRN US Equity,BORN INC, , , , , , , 
EPAY US Equity,BOTTOMLINE TECHNOLOGIES INC/,814252992,25.5906,-1.0004,2.2715,154000,73169000,-43829000
BOX US Equity,BOX INC - CLASS A,941561024,44.9827,-7.7156,0.9049,-62945000,205844000,-8682000
BOXL US Equity,BOXLIGHT CORP - CLASS A,124224952,18.9735,-14.5411,1.8012,-8717554,1390893, 
BVTK US Equity,BRAVATEK SOLUTIONS INC,151269,1520.8231,-259.8083,0.0172,192705,8585, 
BLIN US Equity,BRIDGELINE DIGITAL INC,10660000,2.758,2.9796,0.5284,-1645000,1641000,0
BTSR US Equity,BRIGHTSTAR INFORMATION TECH,4813000,66.8398,-44.2698,0.387,-854000, ,0
AVGO US Equity,BROADCOM INC,75932999680,54.9023,4.1276,1.8671,4014000000,4967999872,-463000000
BSQR US Equity,BSQUARE CORP,21063000,15.0311,-13.7945,1.8079,-3029000,697000,-492000
BTRS US Equity,BTRS HOLDINGS INC-CL 1,253990112,0, ,2.9546, , , 
BIQ AU Equity,BUILDINGIQ INC-CDI,9187886,23.4201,-80.5623,0.6988,-9852868,505948,-34967
BZWR US Equity,BUSINESS WARRIOR CORP,354000,14.1243, ,1.6226, , , 
CACI US Equity,CACI INTERNATIONAL INC -CL A,5950367744,34.3596,6.0964,1.4613,491963000,0,-66049000
CDNS US Equity,CADENCE DESIGN SYS INC,4140152064,16.8251,31.6532,1.5534,569472008,978794992,-90823000
CSOC US Equity,CADUCEUS SOFTWARE SYSTEMS CO,0, , ,0,-116086, ,0
CNO CN Equity,CALIFORNIA NANOTECHNOLOGIES,578387,61.6962,-15.8465,0.0734,-42096,3243,0
CALX US Equity,CALIX INC,385332992,3.9218,2.8152,2.4267,13566000,82234000,-6586000
CLWA US Equity,CALLWAVE INC,54374000,0,1.6942,10.6748,-8346999.9375,5218000,-906000
CBEX US Equity,CAMBEX CORP,314261,136.7153,76.2247,0.1059,-671331,850711,0
CMBM US Equity,CAMBIUM NETWORKS CORP,183532000,34.0513,3.8996,1.8641,14389000,43452000,-2899000
MNIA US Equity,CANNIS INC,286822,0, ,0.0171,-4658085, ,-611759
CTLP US Equity,CANTALOUPE INC,181448992,12.953,-19.0223,1.0542,-30360000, ,-2601000
CAPC US Equity,CAPSTONE COMPANIES INC,4140281,4.4896,-47.9359,3.2885,-3472668,184483,-15739
CBRJ US Equity,CARBON RACE CORP,7400,2400,-3488.4395,0,-1660000,0,-9000
CXCQ US Equity,CARDXX INC, , , , , , , 
CCLD US Equity,CARECLOUD INC,137354448,8.7071,-9.1423,1.6699,-7819060,7067969,-2520009
CRVW US Equity,CAREVIEW COMMUNICATIONS INC,6072851,898.1293,-212.8796,0.0359,-3286792,1523865,-202013
CRSM US Equity,CARSMARTT INC, , , , , , , 
CASSQ US Equity,CASA SYSTEMS INC,462764000,63.0395,-5.2217,3.2768,16929000,86230000,-5968000
CSLT US Equity,CASTLIGHT HEALTH INC-B,167956000,8.7172,-35.0728,2.2947,-73657000,52534000,-4672000
CTYO US Equity,CATHAYONLINE INC, , , , , , , 
CCCS US Equity,CCC INTELLIGENT SOLUTIONS HO,692132928,0, ,1.8961, , , 
CCUR US Equity,CCUR HOLDINGS INC,69821000,0,13.5666,14.183,-1866000,0,-277000
CDK US Equity,CDK GLOBAL II LLC,2915699968,91.827,6.0657,0.8943,508700000, ,-27600000
CDW US Equity,CDW CORP/DE,9223700480,44.2599,8.6939,1.5012,1130800000,0,-294900000
CESF US Equity,CE SOFTWARE INC, , , , , , , 
CEOS US Equity,CECORS INC,197183,66.4221,-349.2307,0.3325,-4128920, , 
CLTY US Equity,CELERITY SOLUTIONS INC,3617325,31.6823,-44.4423,0.8797,-2317567,1958480.9922, 
CGSO US Equity,CENTERGISTIC SOLUTIONS INC,1724270,21.3422,19.677,1.2881,382807,264014,-45071
CRNC US Equity,CERENCE INC,1687444992,17.5794,-1.293,1.2409,19331000,88899000,-19012000
CERN US Equity,CERNER CORP,7360812032,18.1504,11.0911,2.2921,919925008,739303008,-320983000
CCA AU Equity,CHANGE FINANCIAL LTD,3555090,9.3577,-132.4125,3.205,-2994590,0,0
CHNG US Equity,CHANGE HEALTHCARE INC,10210212864,50.2939,-2.1663,1.1816,43449000,213699000,-255161000
CHGT US Equity,CHANGING TECHNOLOGIES INC,13102,696.8173,-1217.5061,0.0523,-548731,0,0
ECOM US Equity,CHANNELADVISOR CORP,172427008,3.7396,11.533,2.3394,18357000,18192000,-1252000
CRGEQ US Equity,CHARGE ENTERPRISES INC, , , , , , , 
CLAD US Equity,CHINA LIAONING DINGXU ECOLOG, , , , , , , 
CMNT US Equity,CHINA MULANS NANO TECHNOLOGY, , , , , , , 
CRLI US Equity,CIRCUIT RESEARCH LABS INC,11170004,28.0489,3.5819,1.0173,717201,2044100.0313,-49814
CRUS US Equity,CIRRUS LOGIC INC,1699864064,8.3868,9.5243,3.9835,165488000,334129000,-15669000
CSCO US Equity,CISCO SYSTEMS INC,95003000832,16.4132,11.1598,1.5927,12611000064,6292999936,-739000000
CISO US Equity,CISO GLOBAL INC,7664659,13.2765, ,1.795,-2771951, , 
CNWT US Equity,CISTERA NETWORKS INC,1926155,39.1752,-6.7525,0.0934,-107229, , 
CTXS US Equity,CITRIX SYSTEMS INC,4608593920,41.8189,13.8771,0.9053,658884008,533727992,-43784000
CLFD US Equity,CLEARFIELD INC,95297432,2.9328,8.2321,5.0431,8384000,0,-1806198
CLRO US Equity,CLEARONE INC,57772000,9.8508,-12.6756,2.8784,-6719000,5772000,-365000
CSYS US Equity,CLEARSTORY SYSTEMS INC,6108000,27.243,-45.1651,0.2109,-2617000.0625,3262000,-83000.0005
CLRI US Equity,CLEARTRONIC INC, , , , , , , 
CLCI US Equity,CLIC TECHNOLOGY INC,420395,260.5783,-426.0809,0.58,-1006338,0,0
CLIS US Equity,CLICKSTREAM CORP, , , , , , , 
CLDR US Equity,CLOUDERA INC,2210164992,9.3055,-7.7533,1.2303,-169107000,249820000,-8020000
NET US Equity,CLOUDFLARE INC - CLASS A,1371224960,30.7354,-10.2669,8.6057,-111969000,118676000,-75261000
CLHI US Equity,CLST HOLDINGS INC,39562000,65.6944,-14.0788,0.1392,-9701000, ,-1000
CCMP US Equity,CMC MATERIALS LLC,2376466944,40.7943,6.1587,3.1821,216905000,52281000,-125839000
CMEY US Equity,CMONEY INC, , , , , , , 
CBRI US Equity,CMTSU LIQUIDATION INC,334327008,11.7756,-40.4586,1.3885,-167970000,0,-14923000
CDRBQ US Equity,CODE REBEL CORP,12069365,0,-56.4105,4.8179,-3504524, ,-18185
CTSH US Equity,COGNIZANT TECH SOLUTIONS-A,18787000320,18.5394,8.4953,2.615,2275000000,0,-402000000
COHR US Equity,COHERENT CORP,5470619136,30.2761,0.0966,3.0885,159084000,381201000,-145033000
2150994D US Equity,COHERENT INC,1827495936,28.4085,-21.18,4.5202,-430180008,115578000,-64919000
COHU US Equity,COHU INC,1046353024,35.5007,-4.337,3.028,-29173000,84212000,-18212000
CLXS US Equity,COLLEXIS HOLDINGS INC, , , , , , , 
CGUD US Equity,COM-GUARD.COM INC, , , , , , , 
CMPY US Equity,COMEPAY INC, , , , , , , 
CBUIF US Equity,COMMODORE INTL LTD,265799984,49.699,-78.1028,0.6436,-284500000, , 
COMM US Equity,COMMSCOPE HOLDING CO INC,13701000192,71.6276,-7.162,1.6599,-510100000,720200000,-105300000
CSYT US Equity,COMMUNICATION SYNERGY TECHNO, , , , , , , 
CVLT US Equity,COMMVAULT SYSTEMS INC,851977984,2.3636,-3.7011,1.7762,-37934000,125310000,-5408000
CHS CN Equity,COMPREHENSIVE HEALTHCARE SYS,394769,0,-9.8621,72.3285,-45835, , 
CSVI US Equity,COMPUTER SERVICES INC,398009984,2.015,15.45,1.5176,71002000,0,-10504000
COMS US Equity,COMSOVEREIGN HOLDING CORP,132561264,13.3945,-60.8776,0.2806,-38930163,1437684,-96852
CMTL US Equity,COMTECH TELECOMMUNICATIONS,918510976,26.9584,-9.214,1.6193,-79802000,48954000,-6865000
CNXC US Equity,CONCENTRIX CORP,5119393792,33.6213, ,0.5124,290008000,0, 
SREV US Equity,CONCENTRIX SREV INC,153824000,35.6011,-12.2961,1.656,-17683000,5332000,-5987000
CCRD US Equity,CORECARD CORP,54553000,4.0474,20.703,4.6999,12542000,5360000,-6296000
CRTG US Equity,CORETEC GROUP INC/THE, , , , , , , 
CSOD US Equity,CORNERSTONE ONDEMAND INC,2079436032,63.5197,-2.1784,0.7737,-16142000,105461000,-4957000
GLW US Equity,CORNING INC,30267000832,28.9854,1.014,2.0935,180000000,1200000000,-1362000000
CGLO US Equity,CORO GLOBAL INC,1783214,0,-500.1189,3.5871,-4746720,1017954,-2513
CRSR US Equity,CORSAIR GAMING INC,1255719936,31.6049, ,1.4124,113686000,45479000, 
COUP US Equity,COUPA SOFTWARE INC,2298469120,65.7452,-7.4951,1.5945,-87065000,112710000,-11667000
CXT US Equity,CRANE NXT CO,4623000064,28.6416,0.4919,1.419,68600000, ,-38500000
CRKM US Equity,CRANK MEDIA INC, , , , , , , 
CXDO US Equity,CREXENDO INC,22262000,13.7319,6.793,4.7441,1085000,1069000,-745000
CRWD US Equity,CROWDSTRIKE HOLDINGS INC - A,1749508992,2.4379,-6.7897,1.9099,-107859000,187291000,-62021000
CSPI US Equity,CSP INC,53645000,14.5251,-2.559,3.2048,-1424000,2798000, 
CTS US Equity,CTS CORP,655852992,20.3088,4.5711,2.7721,40384000,24766000,-16875000
2464209D US Equity,CUBIC CORP,2324220928,39.5237,-0.1544,1.3004,61575000,44574000,-49247000
CVT US Equity,CVENT HOLDING CORP,48000, , ,0, , , 
CYBD US Equity,CYBER DIGITAL INC,2713606,87.1604,-52.0715,0.2206,-1770604,40000,-4960
CYPJ US Equity,CYBER OPERATIONS INC, , , , , , , 
CYRD US Equity,CYBERECORD INC, , , , , , , 
CKYS US Equity,CYBERKEY SOLUTIONS INC, , , , , , , 
CLOQ US Equity,CYBERLOQ TECHNOLOGIES INC, , , , , , , 
CYRP US Equity,CYBRA CORP,254289,574.1499,-61.6367,0.0666,-119190,189308,-8559
CYIO US Equity,CYIOS CORP,380825,7.7608,-13.9318,2.3205,-112731, ,0
CTEK US Equity,CYNERGISTEK LLC,43785520,2.9211,-13.2359,1.755,-9509338,0,-138403
DGIF US Equity,D7 ENTERPRISES INC, , , , , , , 
DJCO US Equity,DAILY JOURNAL CORP,238575008,13.0785,1.6981,7.728,-1283000,0,-184000
DAKT US Equity,DAKTRONICS INC,373511008,0,-0.7793,1.9895,3602000,31420000,-14099000
DTEV US Equity,DATA EVOLUTION HOLDINGS INC, , , , , , , 
DAIO US Equity,DATA I/O CORP,27023000,5.1179,-10.2138,4.233,-1929000,6346000,-810000
DTST US Equity,DATA STORAGE CORP,7342890,21.6667,1.036,0.2994,206524, ,-40355
ATDS US Equity,DATA443 RISK MITIGATION INC,3401559,129.0505,-561.9893,0.0357,-4487077,0,-11081
DDOG US Equity,DATADOG INC - CLASS A,1814284032,34.8576,-0.5314,6.4912,-7101000,178822000,-25279000
DLGI US Equity,DATALOGIC INTERNATIONAL INC,1616746,121.6553,-125.5494,0.5532,-2987417, ,-316779.002
DTRK US Equity,DATATRAK INTERNATIONAL INC,7923002,0,1.3177,0.95,97261,0, 
DVLT US Equity,DATAVAULT AI INC,13026000,7.0244,-157.0471,6.5383,-10753000,5510000,-19000
MSP US Equity,DATTO HOLDING CORP,1715246976,33.8866, ,2.0347,63530000,64535000, 
DAY US Equity,DAYFORCE INC,5918000128,17.07,0.2079,1.2298,49400000, ,-49700000
DLAD US Equity,DEALERADVANCE INC,57863,18753.3223,-4895.8491,0.0037,-2320281, ,0
DRSV US Equity,DEBT RESOLVE INC,8520651,56.1276,-17.6393,0.1727,859483,0,0
DECN US Equity,DECISION DIAGNOSTICS CORP,4790296,64.6075,-113.5557,1.1059,-4856697,0,0
DPSI US Equity,DECISIONPOINT SYSTEMS INC/CA,14104000,35.1319,-12.9774,0.425,-3053000,0,-99000
DPFD US Equity,DEEP FIELD TECHNOLOGIES-CL A,4475924,101.6011,-231.3316,0.1333,-1695713, ,0
DGMA US Equity,DEGAMA SOFTWARE SOLUTIONS IN, , , , , , , 
DLPX US Equity,DELPHAX TECHNOLOGIES INC,23986000,53.9189,-30.0805,2.3598,-3900000,3498000,-111999.9961
DM US Equity,DESKTOP METAL INC-A,305845536,0.4203,-15.6861,0.104,-4723179, ,0
DGII US Equity,DIGI INTERNATIONAL INC,528681984,3.9139,1.8139,2.7774,11317000,43765000,-899000
DGLT US Equity,DIGILITI MONEY GROUP INC,12990000,17.3749,-166.481,2.1473,-7490239,2008466,-83076
DMRC US Equity,DIGIMARC CORP,81505000,9.381,-46.0456,8.8833,-33854000,18071000,-1057000
9990824D US Equity,DIGITAL ALLY INC/NV, , , , , , , 
DGLY US Equity,DIGITAL ALLY INC/NV,21850658,11.0112,-34.2675,4.4916,-9148297,1694159,-724878
DLOC US Equity,DIGITAL LOCATIONS INC, , , , , , , 
APPS US Equity,DIGITAL TURBINE INC,208700000,9.3311,17.6617,0.8927,29795000,15114000,-7217000
DGIV US Equity,DIGITCOM INTERACTIVE VIDEO, , , , , , , 
DIGI US Equity,DIGITILITI INC, , , , , , , 
DIOD US Equity,DIODES INC,2032652032,22.0953,6.3442,3.7778,155830000,91420000,-70874000
DCSI CN Equity,DIRECT COMMUNICATION SOLUTIO,3781355,29.8494, ,0.7956, , , 
DOCU US Equity,DOCUSIGN INC,2051118976,33.4383,-11.3753,1.0072,-191311000,243481000,-94119000
DOMO US Equity,DOMO INC - CLASS B,193142000,54.5764,-46.1687,0.9102,-83391000,67375000,-5865000
DFIN US Equity,DONNELLEY FINANCIAL SOLUTION,930300032,39.5249,1.7859,1.4335,37400000,0,-34200000
DVAR US Equity,DOVARRI INC, , , , , , , 
XPOA US Equity,DPCM CAPITAL INC - CLASS A, , , , , , , 
DBX US Equity,DROPBOX INC-CLASS A,2862299904,39.2272,3.0997,1.2954,63000000,727800000,-93300000
DROR US Equity,DROR ORTHO-DESIGN INC, , , , , , , 
DSPG US Equity,DSP GROUP INC,208882000,6.0948,-2.6832,3.6417,-8345000,35758000,-10523000
DCT US Equity,DUCK CREEK TECHNOLOGIES INC,861100032,2.9439,-4.5064,4.5985, , , 
DUOT US Equity,DUOS TECHNOLOGIES GROUP INC,6923705,28.3243,-96.766,1.56,-5593720,874812,-289842
DXC US Equity,DXC TECHNOLOGY CO,25670000640,44.1021,-13.9963,0.9631,-4376000128, ,-314000000
DYSL US Equity,DYNASIL CORP OF AMERICA,30827000,19.5673,-1.1867,1.6169,12000,626000,-893000
DT US Equity,DYNATRACE INC,2056160000,25.6823,4.1623,1.0213,62527000,98043000,-16363000
DYNE US Equity,DYNTEK INC,33439998,45.8882,-35.8989,1.3313,9731000,0,-218000
DZSIQ US Equity,DZS INC,256810000,28.1052,-7.3274,2.3575,-9141000,35869000,-2800000
EBYH US Equity,E-BUY HOME INC, , , , , , , 
EDTA US Equity,E-DATA CORPORATION, , , , , , , 
EMNC US Equity,E-MONEE.COM INC, , , , , , , 
ETWO US Equity,E2OPEN PARENT HOLDINGS INC, , , , , , , 
EATR US Equity,EASTERN ASTERIA INC,338187,413.1371, ,0.2265, , , 
EBIXQ US Equity,EBIX INC,1550550016,47.083,5.9907,1.7488,132315000,37948000,-109050000
ESSI US Equity,ECO SCIENCE SOLUTIONS INC, , , , , , , 
ECGS US Equity,ECO-GROWTH STRATEGIES INC, , , , , , , 
ECUI US Equity,ECUITY INC,1306810,371.133, ,0.0172, , , 
EGIL US Equity,EDGETECH INTERNATIONAL INC, , , , , , , 
EGIOQ US Equity,EDGIO INC,324046016,35.2839,-3.197,5.3429,-5965000,22074000,-32608000
EFOT US Equity,EFOTOXPRESS INC, , , , , , , 
EGAN US Equity,EGAIN CORP,92217000,2.9745,9.3583,1.5068,8664000,17145000,-523000
ESTC US Equity,ELASTIC NV,867561024,3.7917,-15.1242,1.563,-134782000,184076000,-3489000
ELCO US Equity,ELCOM INTERNATIONAL INC,3054000,64.0144,-79.5003,0.5293,-2829000,423000,-129000.0005
ETCIA US Equity,ELECTR TELE-COMMUNCTN,223156, ,3.8126,0.3151,29457,79618, 
EOSC US Equity,ELECTRO-OPTICAL SYSTEMS CORP, , , , , , , 
ELST US Equity,ELECTRONIC SYSTEMS TECHNOLOG,1755804,13.9946,-22.9937,19.9004,-452017,200131,0
EVAI US Equity,ELVA INTERNATIONAL INC,733054,0,-14.9347,0.3653,-199288,0,-4891
EMQU US Equity,EM QUANTUM TECHNOLOGIES INC, , , , , , , 
EMAN US Equity,EMAGIN CORPORATION,36662000,10.2777,-24.2532,2.3536,-4670000,5418000,-1178000
EMBA US Equity,EMAMBA INTERNATIONAL CORP, , , , , , , 
EMKR US Equity,EMCORE CORP,126241000,16.8052,-5.9372,3.1016,-7034000,20269000,-4516000
MSN US Equity,EMERSON RADIO CORP,35901000,1.5738,-11.8718,22.2662,-4560000,0,0
2231429D US Equity,EMTEC INC,60634000,46.0303,-16.989,0.7974,-89000, ,-668000
EDXC US Equity,ENDEXX CORP,119300,191.1148, ,0.0267, , , 
ENHT US Equity,ENHERENT CORP,4575088,73.8784,-22.1934,0.2675,143896, ,-80642
EBWK US Equity,ENIGMA-BULWARK LTD, , , , , , , 
ENTG US Equity,ENTEGRIS INC,2801627904,40.5374,10.088,4.6345,366302000,128851000,-105492000
EINF US Equity,ENTERPRISE INFORMATICS INC,2514000,30.5489,36.3537,0.2766,1278000,1327000,-89000
ETER US Equity,ENTERRA CORP,85,0, ,0.0019, , , 
ENV US Equity,ENVESTNET INC,2101261056,40.3364,-0.3477,2.1262,21096000,0,-12573000
EXNT US Equity,ENXNET INC,110435,1208.9474,-127.3587,0.0049,-101424,0,-56267
EPAM US Equity,EPAM SYSTEMS INC,2555425024,10.5689,13.7586,4.2239,352076000,0,-97324000
EPAZ US Equity,EPAZZ INC, , , , , , , 
EPXY US Equity,EPOXY INC, , , , , , , 
ERFB US Equity,ERF WIRELESS INC, , , , , , , 
2222213D US Equity,EV CHARGING USA INC, , , , , , , 
EVTI US Equity,EVENTURE INTERACTIVE INC, , , , , , , 
EVBG US Equity,EVERBRIDGE INC,930553024,50.0217,-11.6208,2.8318,-64136000,61735000,-12222000
MRAM US Equity,EVERSPIN TECHNOLOGIES INC,33217000,32.2335,-29.2722,2.9252,-9443000,11654000,-602000
EBZT US Equity,EVERYTHING BLOCKCHAIN INC, , , , , , , 
EVH US Equity,EVOLENT HEALTH INC - A,1391789056,25.6784,-33.3399,1.5008,-485272000, ,-32771000
EWLL US Equity,EWELLNESS HEALTHCARE CORP, , , , , , , 
EWRC US Equity,EWORLD COS INC, , , , , , , 
XELA US Equity,EXELA TECHNOLOGIES INC,1170424960,138.9403,-29.5962,0.7925,-257113992,0,-10816000
EXEO US Equity,EXEO ENTERTAINMENT INC,288207,11.7221, ,2.8281, , , 
EXLS US Equity,EXLSERVICE HOLDINGS INC,1219480960,27.505,6.6468,3.0561,95073000,0,-42444000
EXBX US Equity,EXOBOX TECHNOLOGIES CORP,2633,15001.8994,-2197.374,0.0008,-2830155,108367, 
2157768D US Equity,EXONE CO/THE,97766000,7.8985,-15.1898,2.7936,-11649000,9343000,-828000
EXTR US Equity,EXTREME NETWORKS INC,959494016,47.2072,-9.737,0.9336,-66755000,200014000,-13052000
AXCG US Equity,EYES ON THE GO INC,223865,312.4325,-4906.3735,0.0315,-1447320, ,0
EZEN US Equity,EZENIA! INC,2054000,0,-72.5026,0.4857,-3198000,1254000,-19000
FFIV US Equity,F5 INC,4677919744,16.5254,7.6211,1.3921,392267000,441324000,-59940000
FAKC US Equity,FACEKEY CORP, , , , , , , 
FALC US Equity,FALCONSTOR SOFTWARE INC,13487675,37.4049,9.5727,0.5659,2425007,2515267, 
FFZY US Equity,FANSFRENZY CORP, , , , , , , 
FFAI US Equity,FARADAY FUTURE INTELLIGENT E,230578272,0, ,14.8723, , , 
FMHS US Equity,FARMHOUSE INC, , , , , , , 
FSLY US Equity,FASTLY INC - CLASS A,631518016,5.0778,-13.4123,7.9721,-63899000,62175000,-26945000
FCGN US Equity,FCG INC, , , , , , , 
FBCE US Equity,FIBERCORE INC, , , , , , , 
AIFF US Equity,FIREFLY NEUROSCIENCE INC,3341887,15.6336,-2.3862,1.8222,-88005,0,-59675
FIT US Equity,FITBIT INC - A,1186845952,6.8611,-20.2142,1.3959,-383126000,342796000,-32673000
FIVN US Equity,FIVE9 INC,1013286976,64.8264,-4.6458,9.3217,-11938000,62239000,-26864000
FLEX US Equity,FLEX LTD,15000999936,29.7713,2.2165,1.4642,541388008,0,-375204000
FLXI US Equity,FLEXIINTERNATIONAL SOFTWARE,2939000,27.05,18.8691,0.7213,496000,1411000,-49000.0005
FLIR US Equity,FLIR SYSTEMS INC,3212912128,25.871,4.3373,2.5217,268935000,210879000,-49896000
FCGY US Equity,FORECASTAGILITY CORPORATION,1073567,159.2447,-112.5158,0.3157,-2121529,1240000, 
FRXX US Equity,FORECROSS CORPORATION,971747,60.6605,-40.7035,0.3105,-350501,661615,-9082
FORA US Equity,FORIAN INC, , , , , , , 
FRMC US Equity,FORMCAP CORP, , , , , , , 
FORM US Equity,FORMFACTOR INC,915606976,7.5734,9.1137,3.3476,86678000,86670000,-69016000
FTNT US Equity,FORTINET INC,3586200064,1.344,12.9,1.4491,477900000,403900000,-140800000
FRGT US Equity,FREIGHT TECHNOLOGIES INC,5569057,0, ,2.662,-627665,0,0
FRLI US Equity,FRELII INC,1681780,12.0436,-439.3022,0.2396,-4501418,0,0
FEIM US Equity,FREQUENCY ELECTRONICS INC,89619000,15.1184,-4.9117,4.5292,-5338000,8067000,-1148000
FDBL US Equity,FRIENDABLE INC,115165,349.2198,-18664.5391,0.0279,-1328646,603138,0
FUUN US Equity,FUTURENET INC, , , , , , , 
IT US Equity,GARTNER INC,6840602112,41.6057,3.1645,0.7398,448158008,0,-114170000
GTCH US Equity,GBT TECHNOLOGIES INC,1327933,1198.4583,-211.005,0.0781,-55978812,0,-8350
GOSY US Equity,GECKOSYSTEMS INTERNATIONAL, , , , , , , 
GOCH US Equity,GEEKS ON CALL HOLDINGS INC,1905987,63.0791, ,0.2815, , , 
GEN US Equity,GEN DIGITAL INC,6312999936,58.7993,28.906,1.0252,456000000,270000000,-16000000
GNRD US Equity,GENERAL DATACOMM INDUSTRIES,5443000,490.5567,-80.7086,0.054,-1591000,1734000,-12000.0001
GSPH US Equity,GEOSPATIAL CORP,116380,1727.1833,-527.2193,0.0334,-788219, , 
GIGAQ US Equity,GIGA-TRONICS INC,8691000,32.6315,-13.9418,1.9114,-1042000,1839000,-60000
GDSI US Equity,GLOBAL DIGITAL SOLUTIONS INC, , , , , , , 
GPTX US Equity,GLOBAL PAYMENT TECH INC,5857000,7.5124,-54.8849,1.2757,-4006000, ,-66000.0001
GLPT US Equity,GLOBAL PROFIT TECHNOLOGIES I, , , , , , , 
GOPG US Equity,GO-PAGE CORP, , , , , , , 
GGSM US Equity,GOLD AND GEMSTONE MINING INC,1020,13129.9023, ,0.0031, , , 
GMGI US Equity,GOLDEN MATRIX GROUP INC,6811829,0.0147, ,7.1122, , , 
ZWBC US Equity,GOLDKEY CORP, , , , , , , 
GMER US Equity,GOOD GAMING INC,25734,8384.7129,-1219.7997,0.0058,-501421,0,-5335
GPRO US Equity,GOPRO INC-CLASS A,633587008,34.7431,-2.3281,1.6036,3926000,135753000,-6598000
INKW US Equity,GREENE CONCEPTS INC, , , , , , , 
GSTN US Equity,GREYSTONE DIGITAL TECHNOLOGY,2000.0001,104250,-1712.4164,0,-2198000,89000,0
GRWC US Equity,GROW CAPITAL INC,1913258,48.9181,-81.9543,0.7418,-2869946,0,0
GRYP US Equity,GRYPHON DIGITAL MINING INC,58529620,27.91, ,2.3592, , , 
GSDT US Equity,GSDT FINTECH GROUP INC, , , , , , , 
GVP US Equity,GSE SYSTEMS INC,41617000,40.3465,-29.7148,1.1315,-10239000,710000,-8000
GSIT US Equity,GSI TECHNOLOGY INC,94040000,1.0602,-19.4776,9.3735,-19498000,25279000,-346000
GTAT US Equity,GT ADVANCED TECHNOLOGIES INC,1508009984,22.4209,-17.8165,1.3955,-224977000,95335000,-417993000
GHGH US Equity,GUANHUA CORP, , , , , , , 
GWRE US Equity,GUIDEWIRE SOFTWARE INC,2338957056,20.1226,-1.4278,7.2679,-30893000,206694000,-13659000
GTMM US Equity,GUITAMMER CO/THE,269595,632.3274, ,0.057, , , 
SORT US Equity,GUNTHER INTERNATIONAL LTD, , , , , , , 
HDIH US Equity,H-D INTERNATIONAL HOLDING GR, , , , , , , 
HLIT US Equity,HARMONIC INC,559422016,31.7967,-6.5919,1.4684,-22518000,83530000,-31531000
HAUP US Equity,HAUPPAUGE DIGITAL INC,14784100,0,-29.5074,0.7942,-4193720,2990723, 
HWKE US Equity,HAWKEYE SYSTEMS INC,1396694,25.0592,-183.1483,2.9101,-1812293, ,-4818
HYDN US Equity,HAYDEN HALL INC,1643000,0,-177.7413,0.0739,-4848000,2241000,-47000.0001
EMOR US Equity,HEALIXA INC, , , , , , , 
HCAT US Equity,HEALTH CATALYST INC,570662976,33.7975,-19.3716,4.8999,-70875000,51582000,-2812000
HLYK US Equity,HEALTHLYNKED CORP,5496093,45.5387,-154.3567,0.5191,-2892608, ,-13541
HTSF US Equity,HEARTSOFT INC,1392183,97.9594,-163.5655,0.1258,-2024000, , 
HLIX US Equity,HELIX TECHNOLOGIES INC,26423444,15.9113,-97.6953,0.7733,-46814224,0,-1043346
HLOC US Equity,HELO CORP,1627511,0, ,0.8453, , , 
HPE US Equity,HEWLETT PACKARD ENTERPRISE,54015000576,31.5227,-0.6086,0.8836,-329000000,1874000000,-2383000000
HSTI US Equity,HIGH SIERRA TECHNOLOGIES INC,176523,234.1372,-24.3352,0.092,-27030,0,0
HPNN US Equity,HOP-ON INC, , , , , , , 
HPTO US Equity,HOPTO INC,4709700,0,18.6828,3.1711,565800,1490800,0
HITD US Equity,HOUSTON INTERWEB DESIGN INC,31500,257.1429,-333.3541,0.018,-330800, ,-10000
KICK US Equity,HPN HOLDINGS INC,1912000,0,-66.9295,3.6375,-647000, ,-250000.0001
HUBV US Equity,HUBB VENTURES INC, , , , , , , 
HUBS US Equity,HUBSPOT INC,1875421056,41.9998,-4.765,3.6491,-51346000,192787000,-66907000
HMNU US Equity,HUMAN UNITEC INTERNATIONAL, , , , , , , 
HMBL US Equity,HUMBL INC, , , , , , , 
IWMG US Equity,I-WELLNESS MARKETING GROUP I,164634,291.404,-110.5618,0.0277,-58488,0,0
IBEX US Equity,IBEX LTD,195236000,54.2779,4.0518,0.8143,19513000,0,-4283000
IBIN US Equity,IBSG INTERNATIONAL INC,45395956,0,10.8389,3.6281,7044736.125, ,-432265
ICFI US Equity,ICF INTERNATIONAL INC,1607470976,32.9608,4.0634,1.3429,95649000,0,-19125000
ICOA US Equity,ICOA INC, , , , , , , 
INVE US Equity,IDENTIV INC,81568000,34.8029,-7.8807,1.2827,-4861000,9785000,-1015000
IEC US Equity,IEC ELECTRONICS CORP,122964000,23.3995,5.7768,1.7103,10135000,0,-6268000
IEXA US Equity,IEXALT INC,3466300,40.4552,-134.8465,0.1529,-4364400, , 
IFAN US Equity,IFAN FINANCIAL INC, , , , , , , 
IFSH US Equity,IFS INTERNATIONAL HOLDINGS,4344000,49.2173,-71.665,0.1603, ,1602000, 
IGOI US Equity,IGO INC,30710000,17.4471,12.1202,1.9155,-12143000,1173000,0
IJJP US Equity,IJJ CORP, , , , , , , 
IMGX US Equity,IMAGE METRICS INC, , , , , , , 
IMTL US Equity,IMAGE PROTECT INC,469862,123.339,-16.2842,0.8975,-93700,368483,0
ISNS US Equity,IMAGE SENSING SYSTEMS INC, , , , , , , 
IWSY US Equity,IMAGEWARE SYSTEMS INC,9386000,68.9964,-88.9761,0.4365,-9792000,6476000,-12000
IMGI US Equity,IMAGINON INC,327000,211.9266,-404.0222,0.0582,-3848000,999000,-76000.0002
IMJN US Equity,IMERJN INC, , , , , , , 
IMKI US Equity,IMMEDIATEK INC,2337309,4.197,-36.4894,0.2674,-984326,769694,-62757
IMMR US Equity,IMMERSION CORPORATION,87436000,3.892,-1.5857,7.9215,-2544000,5706000,-178000
PI US Equity,IMPINJ INC,200082000,36.6715,-24.0808,8.3833,-39506000,44821000,-3794000
IPUB US Equity,INDIEPUB ENTERTAINMENT INC,1944000,198.714,-80.9143,0.5203,-9321000,357000,-5000
INFN US Equity,INFINERA CORP,1571467008,40.0747,-17.116,1.8507,-209294000,269538000,-29019000
INFG US Equity,INFINITE GRAPHICS INC,5268714,41.7796,-7.2843,0.9802,-820069, , 
IMCI US Equity,INFINITE GROUP INC,1720848,154.9704,-3.4682,0.338,240523,0,-395371
INOW US Equity,INFONOW CORPORATION,5526000,0,-28.1085,1.7927,-1735000,776999.9922,-140000
IFXY US Equity,INFRAX SYSTEMS INC, , , , , , , 
MPEG US Equity,INNOVACOM INC, , , , , , , 
2318624D US Equity,INOVALON HOLDINGS INC - A,1925676032,50.1586,0.3042,1.9508,61661000,32407000,-70389000
IPHI US Equity,INPHI CORP,1070681024,51.426,-6.1668,1.9036,-23163000,248577000,-64806000
INRD US Equity,INRAD OPTICS INC,7755949,53.7836,-7.6282,2.8359,-416658,0,-177601
INSG US Equity,INSEEGO CORP,223739008,77.3003,-58.3241,1.547,-25241000,37973000,-7536000
NSIT US Equity,INSIGHT ENTERPRISES INC,3827310080,10.0363,4.1539,1.3882,255549000, ,-72852000
ITCC US Equity,INSPRO TECHNOLOGIES CORP,8565280,27.1284,-13.4801,1.047,-1065487,0,-216839
ISTC US Equity,INSTRUCTIVISION INC, , , , , , , 
IBSS US Equity,INTEGRATED BUSINESS SYSTEMS,483733,1027.9384,-200.9557,0.0692,-1021733,428319,-23287
IGPK US Equity,INTEGRATED CANNABIS SOLUTION, , , , , , , 
ISVG US Equity,INTEGRATED SERVICES GROUP IN, , , , , , , 
INTC US Equity,INTEL CORP,145261002752,25.1706,15.731,1.6636,24591000064,13284999936,-15057999872
IDN US Equity,INTELLICHECK INC,23905524,3.6432,-3.1892,6.4438,-647939,3818432,-440069
4971 TT Equity,INTELLIEPI INC,1519833984,2.2768,1.9709,3.6918,23300000,35720000,-83145000
IHSI US Equity,INTELLIGENT HIGHWAY SOLUTION,2430935,122.3001,-277.3742,0.1057, , , 
ITLI US Equity,INTELLIGENTIAS INC,7513515,43.9209,-61.1017,0.26,-10019079, ,-277968
INLX US Equity,INTELLINETICS INC, , , , , , , 
ITVI US Equity,INTERACT-TV INC, , , , , , , 
ICCO US Equity,INTERCARE DX INC, , , , , , , 
IDCC US Equity,INTERDIGITAL INC,1640493952,22.1594,3.6653,3.2512,77324000,80587000,-11322000
LINK US Equity,INTERLINK ELECTRONICS INC,9553000,0,5.3962,12.4471,989000,947000, 
ICRD US Equity,INTERNATIONAL CARD ESTABLISH,1349678,16.0898,-12.9787,0.2475,-320679,0,-44629
ISPD US Equity,INTERSPEED INC,12891000,0,-105.4448,1.3131,-20992000,12742000,-1657000
ITEC US Equity,INTERTECH SOLUTIONS INC, , , , , , , 
INTT US Equity,INTEST CORP,62789000,11.7027,0.3368,2.8697,-137000,5044000,-727000
IDIG US Equity,INTL DIGITAL HOLDING INC, , , , , , , 
INTZ US Equity,INTRUSION INC,4785000,34.7126,-39.6917,1.449,-2298000,3280000,-230000
INTU US Equity,INTUIT INC,9706999808,27.1351,24.7577,3.0906,2374999936,1383000000,-137000000
INVB US Equity,INVENTABIOTECH INC, , , , , , , 
INVT US Equity,INVENTERGY GLOBAL INC,43502008,1.2183,110.4904,0.0977,-3798746, ,0
IPGP US Equity,IPG PHOTONICS CORP,2794931968,1.5915,3.8287,10.0854,120892000,125601000,-87867000
IRNC US Equity,IRONCLAD ENCRYPTION CORP,216379,157.6396,-7590.4429,0.0344,-9918677,1540712,0
IRNTQ US Equity,IRONNET INC,173902304,0, ,5.8315,-256567,0,0
ISGN US Equity,ISIGN SOLUTIONS INC,130000,2296.1538,-592.8057,0.0254,-891000,545000,0
IZNN US Equity,IZON NETWORK INC,1573571,0.3495,-109.2016,0.5642,-1193177, ,-993015
JBL US Equity,JABIL INC,15269478400,20.7782,1.4399,1.0192,661017008,41491000,-1105522976
JAMF US Equity,JAMF HOLDING CORP,1055283968,0, ,1.4813,-12538000,50658000,-2862000
JCDS US Equity,JC DATA SOLUTIONS INC, , , , , , , 
FROG US Equity,JFROG LTD,653966976,0, ,6.2319,-6595000,37418000, 
JNPR US Equity,JUNIPER NETWORKS INC,8694700032,21.5453,4.5322,2.0235,433600000,955500000,-94000000
IDGR US Equity,JZZ TECHNOLOGIES INC, , , , , , , 
KBR US Equity,KBR INC,5308000256,28.5795,-0.6162,1.5401,100000000,0,-19000000
KTCC US Equity,KEY TRONIC CORP,317812000,31.9028,1.6446,2.5191,7085000,7976000,-8763000
KIWB US Equity,KIWIBOX.COM INC,249010,5761.0327,-1924.9772,0.0056,-1186950,0,-3584
KLAC US Equity,KLA CORP,9320095744,37.7598,13.9177,2.7188,1618342016,872322000,-176034000
KLDI US Equity,KLDISCOVERY INC,682353984,70.091,-12.6532,2.7243,1010000,6624000,-21645000
KLGG US Equity,KLEGG ELECTRONICS INC, , , , , , , 
KN US Equity,KNOWLES CORP,1667699968,14.6009,-0.1527,3.1514,22400000,93900000,-29000000
KOPN US Equity,KOPIN CORP,37659024,5.4638,-29.1288,2.5019,-9300437,9939407,-344966
KOSS US Equity,KOSS CORP,23283432,12.9747,-0.1228,3.9936,-36439,0,-525274
KBNT US Equity,KUBIENT INC,10647155,3.8141, ,3.3285, , , 
KULR US Equity,KULR TECHNOLOGY GROUP INC,3171398,94.3602,-132.6313,0.8848,-2189022,358040,-46087
LBWR US Equity,LABWIRE INC, , , , , , , 
LRCX US Equity,LAM RESEARCH CORP,15057007616,38.7038,19.0465,3.3095,3097410944,1320951968,-226789000
LTRX US Equity,LANTRONIX INC,68330000,11.042,-14.3932,2.1439,-8309000,9642000,-567000
LTCH US Equity,LATCH INC, , , , , , , 
LSCC US Equity,LATTICE SEMICONDUCTOR CORP,682430976,28.5251,7.1153,3.859,50525000,86133000,-13642000
LCRE US Equity,LECERE CORP, , , , , , , 
LDOS US Equity,LEIDOS HOLDINGS INC,12284999680,41.3105,5.6419,0.9414,960000000, ,-174000000
LVLV US Equity,LEVEL VISION ELECTRONICS LTD,4693000,24.8668,-76.7296,1.1796,-3099999.9688, ,-287000.0078
LTCP US Equity,LIFE'S TIME CAPSULE SERVICES,1742529,0,-28.0792,0.3194,-612073,0,-6510
360 AU Equity,LIFE360 INC-CDI, , , , , , , 
LGTT US Equity,LIGATT SECURITY INTERNATIONA, , , , , , , 
LPTH US Equity,LIGHTPATH TECHNOLOGIES INC-A,48700684,15.5195,4.9344,2.9456,3436095,1736163,-3403023
LGTS US Equity,LIGHTSPACE CORP,435223,272.8213,-165.5875,0.2585,-2129363,1011624,-29338
LME AU Equity,LIMEADE INC-CDI,78482344,7.062,-5.7279,1.7039,-3112062.75,21636246,-864701.6875
LGIN US Equity,LIONSGATE INS,2250682,0, ,4.942, , , 
LIQDQ US Equity,LIQUID HOLDINGS GROUP INC,15154852,0,-61.6812,3.7161,-31704233,3822565,-1198823
LSKA US Equity,LISKA BIOMETRY INC, , , , , , , 
LMSC US Equity,LIVE MICROSYSTEMS INC,12421000,5.4102,-12.1113,1.2544,-594000,3642000,-498000
LICH US Equity,LIVECHAIN INC, , , , , , , 
LPSN US Equity,LIVEPERSON INC,528324992,38.3764,-23.849,1.3821,-107303000,103632000,-46927000
LVOX US Equity,LIVEVOX HOLDINGS INC,254208608,0,0.2768,1.2354,-909221, ,0
LGTY US Equity,LOGILITY SUPPLY CHAIN SOLUTI,164002000,1.1793,3.967,2.9604,5924000,16243000,-345000
LGIQ US Equity,LOGIQ INC,25235780,1.996,-60.2696,1.7749,-11102654,6852869,0
LTEC US Equity,LOUD TECHNOLOGIES INC,105523000,92.2898,-23.3555,0.5806,2960000,11494000,-2009000
LITE US Equity,LUMENTUM HOLDINGS INC,3387399936,35.4697,4.9559,7.3848,243300000,199100000,-93600000
LVPA US Equity,LVPAI GROUP LTD, , , , , , , 
VNCI US Equity,LYYNKS INC, , , , , , , 
MTSI US Equity,MACOM TECHNOLOGY SOLUTIONS H,1146428032,63.5763,-4.0922,5.0713,3388000,141333000,-17573000
MCZAF US Equity,MAD CATZ INTERACTIVE INC,41788000,43.0913,-18.2865,0.7315,-12549000,2483000,-853000
MNDT US Equity,MANDIANT INC,2704521984,38.071,-7.8455,1.6861,-163779000,257298000,-29188000
MANH US Equity,MANHATTAN ASSOCIATES INC,416980992,8.1934,20.9357,1.5581,110933000,85497000,-5763000
MANT US Equity,MANTECH INTERNATIONAL CORP-A,2194447872,5.3112,6.0383,1.4866,155919000,0,-70025000
MAPT US Equity,MAPTELLIGENT INC, , , , , , , 
MKFG US Equity,MARKFORGED HOLDING CORP,216445728,0, ,8.865, , , 
9995577D US Equity,MARVELL TECHNOLOGY GROUP LTD,5170939904,0.0474,7.3751,4.4675,334114992,818809984,-39814000
MRVL US Equity,MARVELL TECHNOLOGY INC,10824771584,13.725,13.9988,1.4206,-371148008,1091748992,-107228000
MGLD US Equity,MARYGOLD COMPANIES INC/THE,27891228,6.8298,15.6972,4.2969,4723729,0,-109867
MHH US Equity,MASTECH DIGITAL INC,88244000,13.8094,11.1514,1.8108,13775000,0,-388000
MAXR US Equity,MAXAR TECHNOLOGIES INC,4565000192,57.5904,8.0774,0.8068,95000000, ,-375000000
MXIM US Equity,MAXIM INTEGRATED PRODUCTS,3653527040,27.217,18.6535,5.2809,731824016,446644000,-59146000
MMS US Equity,MAXIMUS INC,2024701952,10.5524,11.3785,1.6618,288278000,0,-40707000
MXL US Equity,MAXLINEAR INC,1007779008,38.5092,-9.5681,1.6561,-85410000,132956000,-13121000
MCFE US Equity,MCAFEE CORP - CLASS A,5552999936,85.7915, ,0.4461, , , 
MCCX US Equity,MCX TECHNOLOGIES CORP,1171130,0,-17.6421,2.9634,-603975,0,0
MDWK US Equity,MDWERKS INC, , , , , , , 
MDLA US Equity,MEDALLIA INC,1245675008,35.9509,-14.1918,2.9943,-129591000,115551000,-22588000
MDEA US Equity,MEDIA 100 INC,6444000,0,-54.2814,0.8193,-7543000,6726000,-487000
MDGC US Equity,MEDIAG3 INC, , , , , , , 
MEDT US Equity,MEDIATECHNICS CORP,4411097,42.9485, ,0.2916, , , 
MIHI US Equity,MEDICAL INNOVATION HOLDINGS,6461,7960.749,-7127.9526,0.0041,-918101,0,0
MDXL US Equity,MEDIXALL GROUP INC, , , , , , , 
MHRE US Equity,MESA HOME RESOURCES INC,96350000,54.7473,-8.9558,3.0576,-312000, ,-4965000
MPIN US Equity,MESSAGE PROCESSING INTL INC, , , , , , , 
MTPR US Equity,METAPOWER INTERNATIONAL INC, , , , , , , 
MGTI US Equity,MGT CAPITAL INVESTMENTS INC,4096000,4.7119,-344.6634,0.0827,-6487000,0,-4192000
MCRT US Equity,MICROART INC, , , , , , , 
MCHP US Equity,MICROCHIP TECHNOLOGY INC,16770899968,54.9625,3.5126,1.0744,736400000,836700000,-41800000
MU US Equity,MICRON TECHNOLOGY INC,53677998080,13.4692,5.2396,2.7076,3002999936,2600000000,-8223000064
MPAD US Equity,MICROPAC INDUSTRIES INC,31868000,0.4048,9.0725,11.5191,3303000,1640000,-433000
MSFT US Equity,MICROSOFT CORP,301001015296,27.6464,16.3792,2.5276,56148999168,19630000128,-16962999808
MSTR US Equity,MICROSTRATEGY INC-CL A,772905024,18.9907,0.2386,0.8964,-4387000,104593000,-1962000
MVIS US Equity,MICROVISION INC,8961000,35.5541,-125.0105,0.4972,-13331000,10439000,-168000
MIME US Equity,MIMECAST LTD,824803968,31.6946,2.1176,1.1851,19535000,87174000,-50538000
MINM US Equity,MINIM INC,22696072,3.0436,-20.3508,1.4183,-3716203,2778258, 
MITK US Equity,MITEK SYSTEMS INC,169154000,4.2246,5.1231,3.454,8868000,22859000,-803000
MITI US Equity,MITESCO INC,112119,721.0268,-6351.605,0.0388,-2293295, ,-7854
MKSI US Equity,MKS INSTRUMENTS INC,3750899968,27.1348,7.8025,4.5833,373200000,169400000,-79000000
MTBLY US Equity,MOATABLE INC,392448992,9.1242,3.5762,1.244,-111074000,27676000, 
MBST US Equity,MOBILE STAR CORP/THE, , , , , , , 
MODN US Equity,MODEL N INC,320289984,36.8307,-5.5785,3.1725,-6606000,34361000,-579000
MDB US Equity,MONGODB INC,1355860992,73.21,-24.2683,4.0649,-190814000,190888000,-12156000
MPWR US Equity,MONOLITHIC POWER SYSTEMS INC,1161293952,0.2664,14.8188,5.1753,149614000,122357000,-52835000
MSI US Equity,MOTOROLA SOLUTIONS INC,10360999936,56.925,7.5335,1.199,1419000000,686000000,-210000000
MVNT US Equity,MOVEMENT IND CORP, , , , , , , 
XDSL US Equity,MPHASE TECHNOLOGIES INC,8791862,13.1036,-342.4964,1.0727,-15177350,2110037,-553
MMTS US Equity,MULTI-MEDIA TUTORIAL SVCS,296911,935.7363, ,0.0275, , , 
MYGG US Equity,MYGO GAMES HOLDING CO, , , , , , , 
MZPS US Equity,MYZIPSOFT INC, , , , , , , 
NMGX US Equity,NANO MAGIC INC,4265688,37.6328,-40.2749,1.4491,-1076036,70110,-369361
NHIQ US Equity,NANTHEALTH INC,208979008,106.3423,-19.6855,1.3937,-24094000,17286000,-51477000
NWUC US Equity,NATIONWIDE UTILITIES CORP, , , , , , , 
NCNO US Equity,NCINO INC,520396000,0, ,4.8518,-38763000,51466000, 
VYX US Equity,NCR VOYIX CORP,9827999744,50.346,5.1097,1.7546,466000000,243000000,-61000000
NMGC US Equity,NEOMAGIC CORP,633000,0,-306.9224,0.8935,-2152000, ,-5000
NEOM US Equity,NEOMEDIA TECHNOLOGIES INC,1177000,20.5607,-8233.3887,0.0096,1046000,148000,0
NPTN US Equity,NEOPHOTONICS CORP,346248000,15.0505,2.7392,2.3626,15793000,56319000,-12528000
NTAP US Equity,NETAPP INC,8419999744,32.8622,8.6459,1.651,863000000,868000000,-148000000
NTGR US Equity,NETGEAR INC,1028270976,3.5248,2.7317,2.5237,41491000,86211000,-8545000
NLST US Equity,NETLIST INC,28302000,72.214,-32.094,2.0471,-6656000,3244000,-41000
NETO US Equity,NETOBJECTS INC,11912000,0,-117.6761,0.848,-41832000,9352000, 
NTCT US Equity,NETSCOUT SYSTEMS INC,3077551104,17.1564,0.7469,1.8481,38673000,186345000,-16635000
NTWK US Equity,NETSOL TECHNOLOGIES INC,83063344,16.445,4.0627,2.6716,2534104, ,-1545309
NTIP US Equity,NETWORK-1 TECHNOLOGIES INC,50989000,0,-2.1949,132.3314,-674000,0,0
NEWR US Equity,NEW RELIC INC,1243476992,40.623,-11.0668,2.8748,-120746000,165160000,-49720000
NXPS US Equity,NEXPRISE INC,3861000,306.734,-115.636,1.26,-4719000,2187000,-57000
NXGT US Equity,NEXTELIGENT HOLDINGS INC, , , , , , , 
NXGN US Equity,NEXTGEN HEALTHCARE INC,672412032,16.5733,1.5746,1.637,9166000,77369000,-3020000
NN US Equity,NEXTNAV INC, , , , , , , 
NXPL US Equity,NEXTPLAT CORP,2934294,21.4272, ,1.0636, , , 
NFSE US Equity,NFINANSE INC, , , , , , , 
EGOV US Equity,NIC INC,443440000,2.6448,14.7509,2.632,75253000,28714000,-12290000
NIR/H CN Equity,NOBLE IRON INC,5131281.5,8.8957,-7.7735,5.5055,-583577.5938,1159841.5313,-3781.8794
NADA US Equity,NORTH AMERICAN DATACOM INC,2694000,13.2888, ,0.0455, , , 
NTFY US Equity,NOTIFY TECHNOLOGY CORP,1394236,0.9181,-45.7414,0.3982,-1045861,3221642,-177785.002
NOW CN Equity,NOWVERTICAL GROUP INC,202526,0, ,10.3051, , , 
NUAN US Equity,NUANCE COMMUNICATIONS INC,3593331968,46.5464,0.4776,0.7463,112588000,226272000,-61297000
NTNX US Equity,NUTANIX INC - A,2315872000,49.6231,-43.4517,2.0962,-790656992,551576000,-155610000
NVEC US Equity,NVE CORP,75497584,1.0049,14.8706,48.3826,12536599,3487824,-35941
NVDA US Equity,NVIDIA CORP,26880999424,28.5741,17.9195,3.9229,4015000000,3517000000,-989000000
NYXO US Equity,NYXIO TECHNOLOGIES CORP, , , , , , , 
OTED US Equity,OAK TREE EDUCATIONAL PARTNER,9405240,45.8027,-19.6245,0.8251,-934784, ,-88239
OBLG US Equity,OBLONG INC,27242000,35.8748,-86.0326,0.6746,-13729000,4433000,-36000
ODII US Equity,ODYSSEY SEMICONDUCTOR TECHNO,1997869,31.1987, ,1.4691, , , 
OIDN US Equity,OIDON CO LTD, , , , , , , 
OJSY US Equity,OJSYS INC, , , , , , , 
OLB US Equity,OLB GROUP INC,14989515,57.7552,-13.3725,3.9322,-762036,0,0
VAI/X CN Equity,OLDCO INTERNATIONAL INC,3495371,2.0824,-43.8299,0.5354,-331873,347431,-370573
OMHI US Equity,OM HOLDINGS INTERNATIONAL I,546,4763.7363,3095246.5,0.0021,24249337,0,0
ONCI US Equity,ON4 COMMUNICATIONS INC,117952,449.8821,-663.6583,0.0511,-442383,0,0
OSS US Equity,ONE STOP SYSTEMS INC,41519256,12.3666,2.1329,2.4708,876514,4533377,-988850
OLMM US Equity,ONELIFE TECHNOLOGIES CORP, , , , , , , 
ONEI US Equity,ONEMETA INC, , , , , , , 
OSCN US Equity,ONESCREEN INC, , , , , , , 
OSPN US Equity,ONESPAN INC,369532992,3.3889,0.2667,3.0331,2799000,41213000,-5967000
ONLI US Equity,ONLINE-REDEFINED INC,20902,0,-69.7997,0.4887,-27096,0,-1963
ONTO US Equity,ONTO INNOVATION INC,1430715008,1.5029,-0.727,6.9599,-11393000,70266000, 
OCC US Equity,OPTICAL CABLE CORP,36557812,44.9004,-15.968,4.0412,-5532610,0,-120001
OPLF US Equity,OPTILEAF INC,13590,625.4599,-700.5074,0.4682,-156679,3628,0
OPTL US Equity,OPTIMUM INTERACTIVE (USA), , , , , , , 
ORCL US Equity,ORACLE CORP,110013997056,64.3391,9.9589,2.1666,14631000320,6168999936,-1833000000
ORHK US Equity,ORANGEHOOK INC,27122000,49.3179, ,0.0276, , , 
ORBC US Equity,ORBCOMM INC,563302016,47.1046,-3.7655,2.926,1185000,13247000,-19543000
OGNT US Equity,ORGANA TECHNOLOGIES GROUP IN, , , , , , , 
ORHB US Equity,ORHUB INC, , , , , , , 
OUST US Equity,OUSTER INC,201467952,0, ,14.6474, , , 
PFSF US Equity,PACIFIC SOFTWARE INC, , , , , , , 
PAE US Equity,PAE INC,1428962048,53.8114,-1.3784,1.1454,67547150, ,-2628000
PD US Equity,PAGERDUTY INC,777897024,31.77,-9.5493,4.1169,-59644000,60556000,-5386000
PLTR US Equity,PALANTIR TECHNOLOGIES INC-A,2603712000,7.595, ,2.5413,-1164558032,542365008, 
PANW US Equity,PALO ALTO NETWORKS INC,8726500352,39.4557,-3.8531,1.6322,-171700000,835000000,-196800000
PCPJ US Equity,PAPERCLIP INC, , , , , , , 
PAR US Equity,PAR TECHNOLOGY CORP/DEL,221800992,48.6725,-15.7213,3.0456,-15757000,17752000,-802000
4966 TT Equity,PARADE TECHNOLOGIES LTD,15636275200,0.9548,21.8677,4.1836,3248474944,1782564000,-224704000
PSYS US Equity,PARADIGM SYSTEM SOLUTIONS IN, , , , , , , 
TEUM US Equity,PARETEUM CORP,246868256,4.2806,-17.0336,1.1729,-17583192,7052469,-3897430
PRKR US Equity,PARKERVISION INC,3220000,1026.9875,-435.8464,0.1446,-10918000,0,-3000
PSN US Equity,PARSONS CORP,3918760960,21.1212,2.49,1.6699,138211000,0,-52745000
PASO US Equity,PATIENT ACCESS SOLUTIONS INC, , , , , , , 
PPRG US Equity,PATIENT PORTAL TECHNOLOGIES,14142016,28.8036,-3.6134,0.6781,-40892, ,-981138
PAYC US Equity,PAYCOM SOFTWARE INC,2485199104,1.2606,8.0675,1.0925,210170000,83382000,-95356000
PCTY US Equity,PAYLOCITY HOLDING CORP,2004850944,8.5523,3.4973,1.1582,63620000,67019000,-37475000
PBHG US Equity,PBS HOLDING INC,620196,12.1518,-49.9601,0.3496,-382411, ,-92472
PCSV US Equity,PCS EDVENTURES!.COM INC,1254380,137.1454, ,0.6765, , , 
PCTI US Equity,PCTEL INC,85271000,5.1448,3.8628,6.7197,3062000,12363000,-4270000
PDFS US Equity,PDF SOLUTIONS INC,310608000,2.7453,-3.0536,6.633,-12275000,33426000,-8497000
PTOP US Equity,PEER TO PEER NETWORK,5946,2472.4353,-1838.682,0.0004,-334219,0,0
PEGA US Equity,PEGASYSTEMS INC,1487326976,38.7499,-5.362,2.5376,-139342000,230028000,-12496000
PENG US Equity,PENGUIN SOLUTIONS INC,786608000,28.1851,-0.1533,1.9707,41330000,52056000,-32445000
PLWY US Equity,PEOPLES WAY.COM INC, , , , , , , 
PRSO US Equity,PERASO INC,9238000,43.5592,-35.6221,5.2125,-3236000,3869000,-55000
PRFT US Equity,PERFICIENT INC,754294016,30.3339,4.9305,1.9652,55453000,0,-7048000
PRSP US Equity,PERSPECTA INC,5305999872,49.9812,-12.4387,0.8265,-617000000,0,-39000000
PFSW US Equity,PFSWEB INC,188223008,42.905,-1.2398,1.3265,1584000,0,-3503000
PLAB US Equity,PHOTRONICS INC,1188182016,5.7784,2.9321,3.499,63928000,17144000,-70815000
PHR US Equity,PHREESIA INC,338049984,9.6456,-9.2574,7.2411,-22062000,21127000,-8629000
PHUN US Equity,PHUNWARE INC,29351000,22.2139,-66.6656,0.1025,-18117000,2706000,0
PING US Equity,PING IDENTITY HOLDING CORP,965571008,17.5778,-0.6605,5.5236,-15578000,48271000,-18919000
PBI US Equity,PITNEY BOWES INC,5044030976,56.027,-0.4459,1.2184,-23049000,41675000,-122819000
PXLW US Equity,PIXELWORKS INC,61543000,21.4143,-37.9943,1.9443,-24733000,25367000,-2773000
PTNL US Equity,PLANTATION CORP, , , , , , , 
POLY US Equity,PLANTRONICS INC,2201542912,74.9359,-31.7987,1.3786,-820005008,203515000,-24501000
AGS US Equity,PLAYAGS INC,777958016,83.7041,-8.6758,4.8269,-28519000,28505000,-36253000
PLXS US Equity,PLEXUS CORP,2289848064,16.5647,5.4759,1.7729,153372000,0,-50537000
PS US Equity,PLURALSIGHT INC - A,1081588992,53.1562,-11.9099,1.8358,-144575000,0,-34788000
PPMH US Equity,POINT TO POINT METHODICS INC, , , , , , , 
PIHN US Equity,POLARIS INTERNATIONAL HOLDIN, , , , , , , 
PRCH US Equity,PORCH GROUP INC,174431936,0,-150.1697,0.4104,-3755553, ,0
PBIT CN Equity,POSABIT SYSTEMS CORP,2624412.5,20.9821,-511.66,0.3679,-6989695,447627.25,-141890.7188
POWI US Equity,POWER INTEGRATIONS INC,876067968,0,26.7361,8.95,226403008,78088000,-45527000
PSTO US Equity,POWERSTORM HOLDINGS INC,161881,96.8687, ,0.0974, , , 
PMPG US Equity,PREMIER PRODUCTS GROUP INC,0, , ,0,0, ,0
PMSO US Equity,PRIMAL SOLUTIONS INC,1142000,123.7303,53.4038,0.5879,374000,1626000,-23000
PCYS US Equity,PRIMECARE SYSTEMS INC, , , , , , , 
PRNI US Equity,PRINTRON INC, , , , , , , 
PSWR US Equity,PRISM SOFTWARE CORP,240364,4470.9419,-431.5411,0.0122,-1260778,401567,-41829
PMOZ US Equity,PRISMONE GROUP INC, , , , , , , 
PRGS US Equity,PROGRESS SOFTWARE CORP,919468032,34.0779,6.4428,1.4063,83188000,87985000,-5587000
PRLO US Equity,PROLOGIC MANAGEMENT SYSTEMS,117,340894,-218301.6719,0,-204986, ,0
PFPT US Equity,PROOFPOINT INC,2396211968,35.2125,-6.839,1.6415,-96518000,274209000,-56959000
PRO US Equity,PROS HOLDINGS INC,551441984,46.2607,-14.2219,2.5387,-67725000,73782000,-25462000
MAPS CN Equity,PROSTAR HOLDINGS INC,1841379,150.2224,-158.3544,0.403,-16202,0,0
TXTM US Equity,PROTEXT MOBILITY INC,20497,6929.5215,-9401.1973,0.0043,-1029660, ,0
PRXM US Equity,PROXIM WIRELESS CORP,15611000,32.6372,-41.6998,0.8545,-7050000,2652000,-37000
PTC US Equity,PTC INC,3382737920,36.0754,4.3224,1.2243,210863000,256575000,-20196000
PTSH US Equity,PTS INC,49603,272.6891,70.8077,0.1466,-266197, ,-25482
PUBM US Equity,PUBMATIC INC-CLASS A, , , , , , , 
PUGE US Equity,PUGET TECHNOLOGIES INC, , , , , , , 
PLFX US Equity,PULSE EVOLUTION CORP,2072427,39.3307, ,0.0458, , , 
PSTG US Equity,PURE STORAGE INC - CLASS A,2652995072,34.0636,-9.6758,2.6435,-214908000,464983000,-87284000
QTWO US Equity,Q2 HOLDINGS INC,1293511040,37.2453,-10.1678,3.3132,-101215000,92049000,-17908000
QADB US Equity,QAD INC-B,284926016,11.3696,1.1689,1.5683,5798000,54602000,-3153000
QRVO US Equity,QORVO INC,7824421888,34.1173,6.5177,2.0736,569578992,536293000,-149152000
QCOM US Equity,QUALCOMM INC,35593998336,45.6004,15.1654,2.1355,6255000000,5977000064,-1407000000
QBAK US Equity,QUALSTAR CORP,10038000,7.0233,-0.0699,3.5706,-70000,588000,-85000
QLYS US Equity,QUALYS INC,707084032,8.5216,13.2662,1.6964,91787000,71713000,-30842000
QNGYQ US Equity,QUANERGY SYSTEMS INC,279034624,0, , , , , 
QGSI US Equity,QUANTGATE SYSTEMS INC, , , , , , , 
QUBT US Equity,QUANTUM COMPUTING INC,4007842,45.1721,-949.6011,9.2847,-12097822,1305125,-11520
QMCO US Equity,QUANTUM CORP,173280992,106.3198,-8.6964,0.9896,14262000,38963000,-2752000
QUIK US Equity,QUICKLOGIC CORP,34868000,52.1911,-31.9008,1.602,-10931000,8153000,-155000
QUGB US Equity,QUINTON GROUP INC, , , , , , , 
QUMU US Equity,QUMU CORP,31727000,11.5737,-23.015,0.9754,-6191000,7972000,-99000
RDAR US Equity,RAADR INC,1181,151632.5156,-172571.3125,0,-1249764,0,0
RXT US Equity,RACKSPACE TECHNOLOGY INC,6423099904,63.295, ,1.185,52100000,0, 
VCTL US Equity,RAINMAKER SYSTEMS INC,4590000,9.39,-155.6934,0.1262,-10691000,3799000,-1179000
RMBS US Equity,RAMBUS INC,1309017984,14.8761,-2.9124,7.9778,-49014000,141905000,-23110000
RWWI US Equity,RAND WORLDWIDE INC,46764000,38.3308,3.8684,1.0446,7480000,0,-370000
RPD US Equity,RAPID7 INC,866817024,53.1541,-11.2865,1.4551,-65783000,100550000,-9500000
RPDT US Equity,RAPIDTRON INC,557057,8.8592,-272.5308,0.1799,-1383968,0,0
1337 HK Equity,RAZER INC,1108864000,1.0629,-5.225,1.8152,-59577000,50318000,-11492000
RCMT US Equity,RCM TECHNOLOGIES INC,62553000,29.7188,-8.0004,1.8124,-7113000,0,-466000
RNWK US Equity,REALNETWORKS INC,153912992,11.066,-11.7045,1.1339,-18720000,30653000, 
RP US Equity,REALPAGE INC,3456873984,38.3379,1.8583,1.2113,98983000,123355000,-61300000
RBTI US Equity,RED BRANCH TECHNOLOGIES INC, , , , , , , 
RDVT US Equity,RED VIOLET INC,51108000,9.2745,-19.4426,3.3643,-9831000, ,-1562000
9990253D US Equity,REDCO CORP, , , , , , , 
RLBY US Equity,RELIABILITY INC,9846000,54.3774,-10.921,2.9542,87798,0,-79000
RMTD US Equity,REMOTE DYNAMICS INC,4026000,225.7327, ,0.0963, , , 
TRAK US Equity,REPOSITRAK INC,54325724,13.1605,3.6673,2.8087,1967773,0,-309641
RESN US Equity,RESONANT INC,27901000,7.946,-112.514,3.279,-29213000,19946000,-542000
RVS AU Equity,REVASUM INC-CDI,24864000,32.2555,-59.6486,1.6482,-20463000,6448000,-2005000
RBBN US Equity,RIBBON COMMUNICATIONS INC,1406077952,32.5812,-15.702,1.2598,-164053000,178808000,-20915000
RELL US Equity,RICHARDSON ELEC LTD,150316000,2.0783,-2.0856,4.4381,-2377000,0,-2155000
RMNI US Equity,RIMINI STREET INC,220312000,8.1766,5.0157,0.731,15033000,0,-1677000
RNG US Equity,RINGCENTRAL INC-CLASS A,2116313984,69.1501,-6.7023,2.6884,-104865000,171568000,-73507000
RIVF US Equity,RIVULET ENTERTAINMENT INC,18223,113.5104,-250.0226,0.0022,-70238,0,0
RBSY US Equity,ROBOSERVER SYSTEMS CORP, , , , , , , 
RCTY US Equity,ROCKET CITY ENTERPRISES INC, , , , , , , 
ROFO US Equity,ROCKFORD CORPORATION,22307000,27.6236,35.9451,1.345,5330000,1956000,-534000
RKLYQ US Equity,ROCKLEY PHOTONICS HOLDINGS L,174823808,0,-1.0637,13.1124, , , 
ROKK US Equity,ROKK3R INC,2931900,0.4093,-99.6643,2.0623,-3262750,0,-21987
RTNB US Equity,ROOT9B HOLDINGS INC,16841212,43.77,-121.2021,1.4549,-17168119, , 
RCHN US Equity,ROUCHON INDUSTRIES INC, , , , , , , 
RBCN US Equity,RUBICON TECHNOLOGY INC,31091000,0,-2.1604,31.4658,1218000,0,-6000
RVYL US Equity,RYVYL INC,9110552,11.2089,-30.5522,0.6147, , , 
SBIO CN Equity,SABIO HOLDINGS INC,329931,0, ,20.0456, , , 
SAGN US Equity,SAGOON INC - CLASS C, , , , , , , 
2542797D US Equity,SAILPOINT TECHNOLOGIES HOLDI,1036587008,34.7996,-0.0641,1.2369,9722000,68577000,-3511000
CRM US Equity,SALESFORCE INC,59136000000,10.5232,6.5219,1.2217,226000000,3490000000,-697000000
SLNM US Equity,SALON MEDIA GROUP INC,745000,402.1476,-260.0251,0.1078,-2096000, ,0
SANM US Equity,SANMINA CORP,3772656128,10.647,3.6392,1.8517,227687000,22564000,-65982000
SANT US Equity,SANTEON GROUP INC,1192711,8.9354,15.35,1.1698,86290,0,-30971
SAHN US Equity,SAUDI AMERICAN HOLDINGS CORP,21375,5561.5811, ,0, , , 
SCGX US Equity,SAXON CAPITAL GROUP INC,1785972,45.9326,-408.8789,0.1745,-6732701, , 
SCTN US Equity,SCHIMATIC CASH TRANSACTIONS,19726,2524.5361, ,0.0009, , , 
SDGR US Equity,SCHRODINGER INC,680115968,1.8016,-4.81,15.8141,-52179000,58458000,-1809000
SAIC US Equity,SCIENCE APPLICATIONS INTE,5874999808,43.166,3.896,0.9777,376000000, ,-39000000
SCNTQ US Equity,SCIENT INC, , , , , , , 
SYPT US Equity,SCRYPT INC,90035,3072.4485,-1138.1093,0.0182,-926515, ,-10450
SEAC US Equity,SEACHANGE INTERNATIONAL INC,53613000,15.0393,-27.6428,2.2976,-18902000,14540000,-340000
STX US Equity,SEAGATE TECHNOLOGY HOLDINGS,8862000128,47.7093,11.6705,1.5106,1278000000,941000000,-549000000
9993232D US Equity,SEAGATE TECHNOLOGY ULC,9242999808,30.0444,18.9984,2.0728,2092000000,1133000000,-786000000
SLLN US Equity,SEARCHLIGHT SOLUTIONS LTD, , , , , , , 
SSVC US Equity,SECURED SERVICES INC,2570000,13.1907,-102.8095,1.5143,-2964000,252000,-134000
SCWX US Equity,SECUREWORKS CORP - A,1031457024,2.9557,-1.7074,1.1416,-31145000,99154000,-2689000
SMTC US Equity,SEMTECH CORP,1047971968,18.6868,4.5212,4.2291,66202000,112052000,-24455000
NOW US Equity,SERVICENOW INC,7705459200,28.5918,11.2432,1.3988,209445000,942357984,-364330000
SHPWQ US Equity,SHAPEWAYS HOLDINGS INC,139546432,0, ,27.5061, , , 
SHCR US Equity,SHARECARE INC, , , , , , , 
SBET US Equity,SHARPLINK GAMING INC,6461000, , ,1.2248, , , 
PIXY US Equity,SHIFTPIXY INC,17420000,0,-356.8191,0.7638,-17381000,2239000,-235000
SGMA US Equity,SIGMATRON INTERNATIONAL INC,166440448,31.5874,-0.5363,1.9243,800846,0,-6528911
SDVI US Equity,SIGNATURE DEVICES INC, , , , , , , 
SLAB US Equity,SILICON LABORATORIES INC,1943074944,28.9067,0.7429,6.2036,33867000,283183000,-20017000
SIMC US Equity,SIMCLAR INC,55899000,38.4769,-5.3976,1.217,-3841121, ,-351154
SIMPQ US Equity,SIMPLY INC,23643000,60.5211, ,0.6898, , , 
SMRL US Equity,SIMTROL INC,118426,326.9029,-366.8695,0.0792,-1391020,479924,-1103
SLP US Equity,SIMULATIONS PLUS INC,168421520,0.5503,8.7371,23.4517,11605178,2974621,-231380
SITM US Equity,SITIME CORP,127697000,6.6971, ,5.9979,-9657000,28855000, 
STTO US Equity,SITO MOBILE LTD,5534818,60.1329,-213.2512,0.2039,-30212490,0,-41967
SVTLQ US Equity,SIVAULT SYSTEMS INC,7716681,31.8273,-143.1011,0.0751,-11003565, ,-4208.0001
SKIL US Equity,SKILLSOFT CORP,699190848,0,-0.9834,5.9937,-1144576, , 
SWKS US Equity,SKYWORKS SOLUTIONS INC,5106699776,3.5032,16.384,5.1686,891900000,464100000,-389400000
WORK US Equity,SLACK TECHNOLOGIES INC- CL A,2311257088,39.151,-17.5889,3.1399,-301640000,375089000,-21031000
SDEC US Equity,SMART DECISION INC, , , , , , , 
SMRN US Equity,SMARTAG INTERNATIONAL INC, , , , , , , 
SMME US Equity,SMARTMETRIC INC, , , , , , , 
SMAR US Equity,SMARTSHEET INC-CLASS A,831529024,8.3534,-14.2531,2.0581,-121523000,114422000,-3630000
SMSI US Equity,SMITH MICRO SOFTWARE INC,71552000,9.1234,11.3277,4.7506,7163000,16973000,-2047000
CICN US Equity,SMS ALTERNATIVES INC,381000,876.3779,-480.2941,0.0559,-1379000,1372000,-2000
SMTX US Equity,SMTC CORPORATION,234076992,36.7678,1.7907,1.2234,13257000,0,-2253000
SNOW US Equity,SNOWFLAKE INC-CLASS A,5712888832,3.6068, ,9.1056,-428652000,173658000, 
SOBR US Equity,SOBR SAFE INC,4765210,34.4759,-1251.347,0.1922, , , 
SPLY US Equity,SOCIALPLAY USA INC,0, , ,0, , , 
SCKT US Equity,SOCKET MOBILE INC,15208287,22.0102,-27.8351,1.4304,-4666831,3407945,-532609
SOFT US Equity,SOFTECH INC,2580000,1.9767,62.5204,0.9971,1993000,547000,-5000
SFWJ US Equity,SOFTWARE EFFECTIVE SOLUTIONS, , , , , , , 
SLNX US Equity,SOLANBRIDGE GROUP INC, , , , , , , 
SWI US Equity,SOLARWINDS CORP,5449998848,37.2746,0.7351,1.2643,138558000,121772000,-27003000
SODI US Equity,SOLITRON DEVICES INC,7281000,12.2648,-14.5724,4.8367,-1584000,0,-247000
SOLS US Equity,SOLLENSYS CORP,135485,0, ,1.0036, , , 
SSFT US Equity,SONASOFT CORP, , , , , , , 
SONM US Equity,SONIM TECHNOLOGIES INC,62376000,0.6397,-46.1381,2.1981,-27640000,13001000,-287000
SONO US Equity,SONOS INC,816051008,10.5616,-2.5499,1.6803,-27230000,214671000,-33035000
TMTS US Equity,SPARTACUS ACQUISITION CORP, , , , , , , 
SPSY LN Equity,SPECTRA SYSTEMS CORP,27795000,4.8642,15.0929,7.1035,4317000, ,-578000
SPDC US Equity,SPEED COMMERCE INC,75045000,149.8314,-97.6425,0.2529,-125276000,5820000,-4724000
SPLK US Equity,SPLUNK INC,5594695168,46.9456,-14.8373,2.4305,-701357000,777155984,-75902000
SPT US Equity,SPROUT SOCIAL INC - CLASS A,232252000,11.0432, ,3.7499,-52122000,31608000,-2432000
SPSC US Equity,SPS COMMERCE INC,487686016,4.3225,9.0296,4.7878,47365000,30948000,-16837000
SPYR US Equity,SPYR INC,185000,268.6487,-566.7256,0.0049,-797000,10000,-5000
SSNC US Equity,SS&C TECHNOLOGIES HOLDINGS,15475399680,46.3413,3.6272,1.0476,978400000,399100000,-111300000
STJO US Equity,ST JOSEPH INC,27456,0, ,0.0336,-84807,0,0
LAAB US Equity,STARTECH LABS INC,5000,0, , , , , 
SRT US Equity,STARTEK INC,607475008,34.154,-5.792,1.0889,-12117000,0,-16678000
STGC US Equity,STARTENGINE CROWDFUNDING INC, , , , , , , 
STNX US Equity,STARTRONIX INTL INC,6303000,6.3462,-121.1625,0.8145,-7533000, , 
STTH US Equity,STEALTH TECHNOLOGIES INC, , , , , , , 
STGGQ US Equity,STG GROUP INC,114719000,61.743,-47.4985,0.3593,-70874000,0,-139000
SOSO US Equity,STORAGE COMPUTER CORP, , , , , , , 
STRI US Equity,STR HOLDINGS INC,24002000,20.9899,-32.9569,2.0502,-10689000,778000,-4895000
STRB US Equity,STRASBAUGH INC,10075000,0,9.4431,1.8946,352000,3010000,-275000
SSYS US Equity,STRATASYS LTD,909107968,2.1202,-39.7833,4.3987,-456748984,89078000,-25989000
STRM US Equity,STREAMLINE HEALTH SOLUTIONS,25345000,9.0748,-3.2532,0.9381,-6799000,3769000,-1129000
SEVM US Equity,STS EVERMEDIA CORP, , , , , , , 
SHGR US Equity,SUCCESS HOLDING GROUP CORP U, , , , , , , 
SUIC US Equity,SUIC WORLDWIDE HOLDINGS LTD,263404,100.5049,-16.9442,0.4594,-27718,0,-300
SUMO US Equity,SUMO LOGIC INC,563571968,0, ,3.9723,-92327000,68824000, 
SMCI US Equity,SUPER MICRO COMPUTER INC,1816692992,2.6953,4.8076,2.509,83235000,226704000,-42864000
SNRR US Equity,SUPER NOVA RESOURCES INC,6279065,95.3584,-41.3219,0.4141,-2339186, ,-13400.0001
SPRT US Equity,SUPPORT.COM INC,39098000,0.22,1.2125,8.7358,55000,4143000,-868000
SSTY US Equity,SURE TRACE SECURITY CORP,275062,157.7506,-1252.2266,0.0426,-6595097, ,0
SPRS US Equity,SURGE COMPONENTS INC,16782756,13.0219,4.6858,2.6817,925804,0,-56020
MNTV US Equity,SURVEYMONKEY GLOBAL INC,857422976,34.8162,-11.494,1.0842,-84922000,107810000,-1196000
SDSS US Equity,SUSPECT DETECTION SYSTEMS IN, , , , , , , 
SYKE US Equity,SYKES ENTERPRISES INC,1326130048,14.4894,4.0054,1.9695,82594000,0,-49901000
EVOL US Equity,SYMBOLIC LOGIC INC,17978000,9.5561,-6.4521,1.5985,576000,4086000,-292000
SYNC US Equity,SYNACOR INC,59665000,10.7098,-16.6846,0.9467,-11202000,12741000,-3253000
SYNA US Equity,SYNAPTICS INC,1774899968,35.5119,7.0017,2.4078,71700000,298700000,-15200000
SNCR US Equity,SYNCHRONOSS TECHNOLOGIES INC,498574016,11.6506,-3.1307,1.0346,-63932000,78055000,-2077000
SNPS US Equity,SYNOPSYS INC,8030062080,8.2626,9.2045,1.1913,620141000,1279000000,-154717000
SYSX US Equity,SYSOREX INC,1384000,1049.1329,-153.6061,0.0548,-1979000,0,0
SST US Equity,SYSTEM1 INC,518646432,0, ,10.4174, , , 
TRHC US Equity,TABULA RASA HEALTHCARE INC,458233984,56.874,-11.9461,2.2423,-49839000,19552000,-22745000
TAIT US Equity,TAITRON COMPONENTS INC-CL A,14038000,1.1611,3.6074,11.2197,602000,0,-18000
TLND US Equity,TALEND SA,375032000,47.5074,-19.3424,1.4003,-64484000,66439000,-5779000
TALK US Equity,TALKSPACE INC, , , , , , , 
TMIX US Equity,TARSIN MOBILE INC, , , , , , , 
TTCM US Equity,TAUTACHROME INC,196730,472.1136,-2774.085,0.0373,-1520899,303982,-43447
SNX US Equity,TD SYNNEX CORP,13263107072,25.9952,3.9694,1.5206,777803008,0,-171316000
TSCC US Equity,TECHNOLOGY SOLUTIONS CO,10609000,0,-3.1179,8.158,-2234999.9375, ,-133000
TEKI US Equity,TEK DIGITEL CORPORATION,1280936,39.034, ,0.8058, , , 
TKGL US Equity,TEKEGLDMPIRE INC, , , , , , , 
TLFX US Equity,TELEFIX COMMUNICATIONS HOLDI, , , , , , , 
TKOI US Equity,TELKONET INC,7243422,25.5687,-25.9554,1.6403,-2156545,1268579,0
TLS US Equity,TELOS CORPORATION,85834000,44.1037,-6.6547,0.8026,11135000,0,-7303000
TENB US Equity,TENABLE HOLDINGS INC,623835008,9.9316,-13.6846,1.2444,-63255000,99937000,-29485000
TDC US Equity,TERADATA CORP,2116999936,30.8455,5.127,1.0782,-2000000,328000000,-45000000
TER US Equity,TERADYNE INC,3436512000,13.6367,23.239,3.3395,865983984,360964000,-185466000
TESS US Equity,TESSCO TECHNOLOGIES INC,199698096,22.4493,-11.0673,1.3905,-30459200,0,-734400
TXN US Equity,TEXAS INSTRUMENTS INC,18207000576,37.3318,27.498,4.2375,5329999872,1528000000,-600000000
THPHF US Equity,THINKPATH INC,5647676,101.3752,-50.343,0.3917,-68161, ,-97966
TIOG US Equity,TINGO GROUP INC,62993000,1.8653,-46.8812,4.1674,-8314000, ,-2000
TMNA US Equity,TINGO INC,888510,96.3314,-118.8812,0.4351,-1239546, ,-180098
TNTC US Equity,TINTIC STANDARD GOLD MINES I, , , , , , , 
TNTRQ US Equity,TINTRI INC,76247000,90.0206,-174.0656,0.4511,-149466000,74120000,-6415000
TLDE US Equity,TLD3 ENTERTAINMENT GROUP INC, , , , , , , 
TMMI US Equity,TMM INC, , , , , , , 
TPPM US Equity,TMPOS INC, , , , , , , 
TGHI US Equity,TOUCHPOINT GROUP HOLDINGS,4144000,42.1332,-49.4827,0.466,-2057000,0,-3000
TPTW US Equity,TPT GLOBAL TECH INC,7,3313071.25,-133831.1094,0,-9303.9999, ,0
TRCK US Equity,TRACK GROUP INC,47734908,66.4264,-0.2443,0.2767,2759538,1182542,-1427713
TNLX US Equity,TRANS-LUX CORP,9264000,41.2565,-29.3847,0.4158,-3116000,0,-504000
TACT US Equity,TRANSACT TECHNOLOGIES INC,35489000,17.1405,-12.4806,2.8872,-6567000,5262000,-900000
TXCCQ US Equity,TRANSWITCH CORP,15419000,11.0254,-75.3548,0.4651,-11727000,13653000,-221000
TAQR US Equity,TRAQER CORP, , , , , , , 
TRIQ US Equity,TRAQIQ INC, , , , , , , 
TMOL US Equity,TRIMOL GROUP INC,17000,0,-720,0.0023,-72000,0,0
TBRG US Equity,TRUBRIDGE INC,332107008,29.087,6.6417,1.9224,23993000,34369000,-3331000
TREP US Equity,TRUCEPT INC,29164248,13.3234,3.5734,0.5959,1160132,0,0
TSRI US Equity,TSR INC,19419108,2.0116,-2.9535,2.9119,-776631,0,-29452
TTEC US Equity,TTEC HOLDINGS INC,1477020032,33.1004,7.7091,1.5648,185840000,0,-64520000
TTMI US Equity,TTM TECHNOLOGIES,3148413952,35.3774,4.9468,1.8876,48352000,15166000,-131246000
TBCH US Equity,TURTLE BEACH CORP,201531008,2.7033,25.7907,1.7221,42616000,11156000,-4202000
TWLO US Equity,TWILIO INC - A,6723701760,9.8437,-6.7919,10.9363,-401409000,481928000,-45626000
TYL US Equity,TYLER TECHNOLOGIES INC,2492163072,0.7483,8.2474,1.8514,170047000,87122000,-33047000
UBQU US Equity,UBIQUITECH SOFTWARE CORP, , , , , , , 
UI US Equity,UBIQUITI INC,751864000,88.1186,58.3933,2.2541,547461992,94966000,-30122000
UBYH US Equity,UBUYHOLDINGS INC, , , , , , , 
UTNT US Equity,UDATA NET CORP, , , , , , , 
UDSG US Equity,UDS GROUP INC,439084,25.1246, ,0.3774, , , 
UMLS US Equity,ULTIMATE LIFESTYLE CORP,56808000,72.0321,-43.5646,0.5146,-9293000, ,-34786000
UCTT US Equity,ULTRA CLEAN HOLDINGS INC,1060300032,30.5008,4.3672,2.6324,92804000,14332000,-40135000
UNXLQ US Equity,UNI-PIXEL INC,9880000,9.0283,-204.8514,0.9308,-33155000,11818000, 
USRC US Equity,UNISOURCE CORP, , , , , , , 
UIS US Equity,UNISYS CORP,2407399936,8.2122,37.9373,1.7294,76700000,25300000,-53600000
UCSO US Equity,UNITED CONSORTIUM LTD,18779,0, ,11.2113, , , 
UTRX US Equity,UNITRONIX CORP,338961,0,8.3799,0.2377,-219514, ,-4184
U US Equity,UNITY SOFTWARE INC,2605696000,4.8447, ,4.9559,-242545008,356603000, 
OLED US Equity,UNIVERSAL DISPLAY CORP,1224961024,0.5878,9.2588,4.8487,126236000,81535000,-23955000
UEIC US Equity,UNIVERSAL ELECTRONICS INC,508616992,13.5831,6.2268,1.6989,36203000,30507000,-16323000
UNIV US Equity,UNIVERSAL INFOTAINMENT SYSTE, , , , , , , 
UMYC US Equity,UNIVERSAL MONEY CENTERS, , , , , , , 
UPIN US Equity,UNIVERSAL POWER INDUSTRY COR,0, , ,0, , , 
UTRK US Equity,UNIVERSAL TRACKING SOLUTIONS,187665,26.0789, ,1.0611,65123, ,0
UPYY US Equity,UPAY INC,504294,26.2012,-26.3142,1.0022,-125418,0,-9177
UPDC US Equity,UPD HOLDING CORP,4208,6750.0952,217.1001,0.0066,-170835,0,0
UPLD US Equity,UPLAND SOFTWARE INC,994320000,53.8037,-7.798,2.5545,-37459000,37927000,-1150000
UCBB US Equity,US-CHINA BIOMEDICAL TECHNOLO,487870,66.2265,-113.5868,0.6097, , , 
USDC US Equity,USDATA CORPORATION,8082000,11.0369,-66.1376,0.8709,-3019000.0625,1417000,-582000
VVX US Equity,V2X INC,665928000,11.4619,4.7357,1.4415,45376000,0,-5059000
VMRI US Equity,VALMIE RESOURCES INC,507270,0,-416.8386,0.3589,-725957,0,-213159
VRNS US Equity,VARONIS SYSTEMS INC,502519008,54.4648,-22.3882,2.7023,-85221000,93299000,-18174000
VRTK US Equity,VARTECH SYSTEMS INC, , , , , , , 
VTON US Equity,VAST SOLUTIONS INC-CL B1, , , , , , , 
VCMP US Equity,VCAMPUS CORP,4252154,74.309,-147.7585,0.3314,-5938997,2834445,-95590
VECO US Equity,VEECO INSTRUMENTS INC,889625024,37.2953,-4.6989,3.8962,5097000,79233000,-6015000
VEEV US Equity,VEEVA SYSTEMS INC-CLASS A,2583641088,2.2842,15.3102,4.4395,339345000,273483000,-8723000
MDRX US Equity,VERADIGM INC,3146265088,37.9982,-1.4559,1.2741,-39567000,221813000,-10996000
VRME US Equity,VERIFYME INC,9761005,0.7417,-96.5345,16.9656,-2982588,9142,-199599
VRNT US Equity,VERINT SYSTEMS INC,3124683008,27.7398,0.5739,1.1198,114528000,233510000,-27236000
VRTC US Equity,VERITEC INC,117000,4464.1025,-597.7737,0.0191,-577151,0,0
VERI US Equity,VERITONE INC,119582000,0,-42.3389,1.1562,-49972000,15967000,-72000
VERX US Equity,VERTEX INC - CLASS A,514934016,0.2929, ,1.373, , , 
VCSY US Equity,VERTICAL COMPUTER SYSTEMS,439159,1893.2384,-690.8819,0.0165,-1353505,0,-5643
VSAT US Equity,VIASAT INC,5203396096,42.6249,-0.0494,1.6669,35430000,117782000,-790706000
VIAV US Equity,VIAVI SOLUTIONS INC,1824400000,35.3486,1.9933,4.2268,128700000,188200000,-32800000
VICR US Equity,VICOR CORP,380119008,1.1688,2.5983,8.1526,6658000,50352000,-20200000
VIDE US Equity,VIDEO DISPLAY CORP,9604000,39.1816,-16.4025,1.1467,-2038000,0,-32000
VCTY US Equity,VIDEOLOCITY INTERNATIONAL,711009,383.0235,-119.3378,0.0001,-1158385, ,0
VPTV US Equity,VIDEOPROPULSION INTERACTIVE,2953000,52.5229, ,1.05, , , 
VCST US Equity,VIEWCAST.COM INC,4622372,147.4074,-43.9758,1.1283,-1831121, , 
VHC US Equity,VIRNETX HOLDING CORP,258544992,0,213.2506,8.9391,162870000,7758000,-14000
VRED US Equity,VIRTUAL ED LINK INC, , , , , , , 
VRTU US Equity,VIRTUSA CORP,1255026048,35.9981,3.6744,2.398,67430000,0, 
VSH US Equity,VISHAY INTERTECHNOLOGY INC,3033832960,16.4894,3.2531,3.2097,173876000, ,-127175000
VSTCQ US Equity,VISION TECHNOLOGY CORP, , , , , , , 
VIZG US Equity,VISIONGLOBAL CORP,1532007,1.3093, ,0.9833, , , 
VISM US Equity,VISIUM TECHNOLOGIES INC,1936,58649.5352,-91466.4453,0.0006, , , 
VISL US Equity,VISLINK TECHNOLOGIES INC,23302000,12.3037,-57.7657,2.3029,-14662000,2472000,-271000
VMSI US Equity,VITA MOBILE SYSTEMS INC,31743.002,0,-57.0518,0.1086,-578273.0005, ,0
VMW US Equity,VMWARE LLC,27324000256,22.1527,6.4388,0.8958,1630000000,2734000000,-311000000
VCRA US Equity,VOCERA COMMUNICATIONS INC,382244992,33.4513,-3.1127,3.9083,-7633000,36768000,-4659000
VSST US Equity,VOICE ASSIST INC,308103,313.9505,-429.122,0.0628,-2374814, ,-4350
VOIP US Equity,VOIP TALK INC, , , , , , , 
VOXX US Equity,VOXX INTERNATIONAL CORP,528504992,6.2232,-3.9697,2.2559,-33786000,0,-2707000
VBTC US Equity,VUBOTICS INC,617129,387.7151,-288.9783,0.1776,-2600130.9375,790110.9844,-15390
VUZI US Equity,VUZIX CORP,42054692,7.5566,-61.0807,10.5033,-23950657,7754399,-930124
IALS US Equity,WB BURGERS ASIA INC, , , , , , , 
WKYN US Equity,WEBSKY INC, , , , , , , 
WGNR US Equity,WEGENER CORP,3924000,108.3078,-51.4277,0.2402,-2413097,1595682,-32848
WMGR US Equity,WELLNESS MATRIX GROUP INC,0, , ,0, , , 
WNRC US Equity,WENR CORPORATION, , , , , , , 
WSTL US Equity,WESTELL TECHNOLOGIES INC-A,40260000,10.2732,-14.5201,5.0462,-6335000,4200000,-199000
WTRO US Equity,WI-TRON INC,77769,1936.0093,-1396.3011,0.0287,-1358100,385187,0
WTT US Equity,WIRELESS TELECOM GROUP INC,53036000,21.1913,-4.9511,1.9147,-2311000,6440000,-281000
WRMA US Equity,WIREMEDIA INC, , , , , , , 
MAPS US Equity,WM TECHNOLOGY INC,254828560,0,4.803,1.4329,-1007674, ,0
WMDH US Equity,WMD HOLDINGS GROUP INC, , , , , , , 
WDAY US Equity,WORKDAY INC-CLASS A,7845026816,28.4216,-4.8381,1.0919,-321384984,1704337984,-252112000
WK US Equity,WORKIVA INC,687502016,46.7933,-8.649,2.4256,-47385000,93674000,-2007000
WAXS US Equity,WORLD ACCESS INC,2137955072,21.8512,-12.196,1.4678,-123100000, ,-18008000
WHEN US Equity,WORLD HEALTH ENERGY HOLDINGS,441849,342.1501,-364.3981,0.9154,-457543,228581, 
TASY US Equity,WORLD MAP INC, , , , , , , 
WWRL US Equity,WORLD WIRELESS COMMUNICATION,777457,879.3841,-799.0873,0.0576,-4530068, ,-42018
WMDL US Equity,WORLDMODAL NETWORK SERVICES, , , , , , , 
WDDD US Equity,WORLDS INC,1004093,77.0127,-97.0448,0.2377,-1303840,0,0
WBWB US Equity,WU BA SUPERIOR PRODUCTS HOLD, , , , , , , 
XFCH US Equity,X-FACTOR COMMUNICATIONS HOLD,369034,196.6504, ,0.329, , , 
XCLL US Equity,XCELMOBILITY INC,259017,945.8839,-736.9281,0.0579,-1112486, , 
XRX US Equity,XEROX HOLDINGS CORP,15352000512,35.2006,6.2175,1.966,501000000,329000000,-77000000
XLNX US Equity,XILINX INC,5575930880,36.6795,11.5502,3.4968,718366992,856168000,-97239000
XSPT US Equity,XSPORT GLOBAL INC,774333,160.1045,-622.9311,0.1472,-2071312,96235,-3797
XCOMQ US Equity,XTERA COMMUNICATIONS INC,49463000,24.4688,-104.8259,0.5988,-39592000,12409000, 
YEXT US Equity,YEXT INC,514940992,25.3334,-21.3766,1.6622,-105752000,57483000,-58488000
ZAGG US Equity,ZAGG INC,330049984,30.6069,-12.2097,2.0199,-58670000,0,-7195000
ZNAE US Equity,ZANE INTERACTIVE PUBLISHING, , , , , , , 
ZBRA US Equity,ZEBRA TECHNOLOGIES CORP-CL A,5245000192,31.9733,9.5248,0.6754,608000000,434000000,-66000000
ZDGE US Equity,ZEDGE INC-CL B,13467000,3.3266,11.5333,2.6195,1434000,0,-761000
ZEN US Equity,ZENDESK INC,2054238976,56.3921,-10.4909,1.9465,-133410000,239985000,-46738000
ZDEC US Equity,ZENOVIA DIGITAL EXCHANGE COR,329966,15.1531, ,0.9113, , , 
ZM US Equity,ZOOM COMMUNICATIONS INC,3050310912,2.307,20.1514,1.856,414284000,132374000,-68469000
ZI US Equity,ZOOMINFO TECHNOLOGIES INC,2048499968,38.3793,1.1883,1.7026,80100000, , 
ZVOI US Equity,ZOVIO INC,271081984, ,-5.4324,1.3694,-25780000, ,-6206000
ZS US Equity,ZSCALER INC,1852946944,50.0511,-12.2969,3.7927,-138348000,113378000,-51102000
ZULU US Equity,ZULU TEK INC, , , , , , , 
ZUO US Equity,ZUORA INC - CLASS A,395334016,18.2747,-21.5063,1.6452,-79665000,76613000,-20620000
ZVLO US Equity,ZVELO INC,7565135,81.3067,-33.182,2.2891,-5625735,2713905, 
